DATE,HORIZON,ASSET_TYPE,ASSET,EXPECTED_RETURN
2017-12-31,1M,Equity Common Stock,AFL.N,0.2581022
2017-12-31,1M,Equity Common Stock,AES.N,-0.0650460
2017-12-31,1M,Equity Common Stock,ABT.N,0.1374403
2017-12-31,1M,Equity Common Stock,ABMD.OQ,0.4535884
2017-12-31,1M,Equity Common Stock,ATVI.OQ,0.4947481
2017-12-31,1M,Equity Common Stock,ADBE.OQ,0.4763735
2017-12-31,1M,Equity Common Stock,AMD.OQ,0.3043909
2017-12-31,1M,Equity Common Stock,AMG.N,0.0265466
2017-12-31,1M,Equity Common Stock,APD.N,0.1525722
2017-12-31,1M,Equity Common Stock,ALK.N,0.1095317
2017-12-31,1M,Equity Common Stock,ALB.N,0.2744481
2017-12-31,1M,Equity Common Stock,ALXN.OQ,-0.0624135
2017-12-31,1M,Equity Common Stock,HON.N,0.3519555
2017-12-31,1M,Equity Common Stock,ALL.N,0.2716357
2017-12-31,1M,Equity Common Stock,ARNC.N,-0.0076620
2017-12-31,1M,Equity Common Stock,HES.N,-0.0664931
2017-12-31,1M,Equity Common Stock,AEE.N,0.1755502
2017-12-31,1M,Equity Common Stock,AEP.N,0.1382103
2017-12-31,1M,Equity Common Stock,AXP.N,0.0616708
2017-12-31,1M,Equity Common Stock,AIG.N,0.0580510
2017-12-31,1M,Equity Common Stock,ABC.N,0.0433259
2017-12-31,1M,Equity Common Stock,AME.N,0.2044496
2017-12-31,1M,Equity Common Stock,AMGN.OQ,0.0687233
2017-12-31,1M,Equity Common Stock,APH.N,0.3631518
2017-12-31,1M,Equity Common Stock,APC.N,-0.0609374
2017-12-31,1M,Equity Common Stock,ADI.OQ,0.2230350
2017-12-31,1M,Equity Common Stock,AON.N,0.2379404
2017-12-31,1M,Equity Common Stock,APA.N,-0.0385946
2017-12-31,1M,Equity Common Stock,AIV.N,0.1155564
2017-12-31,1M,Equity Common Stock,AAPL.OQ,0.2128468
2017-12-31,1M,Equity Common Stock,AMAT.OQ,0.2732242
2017-12-31,1M,Equity Common Stock,ADM.N,-0.0875172
2017-12-31,1M,Equity Common Stock,ADSK.OQ,0.1983937
2017-12-31,1M,Equity Common Stock,ADP.OQ,0.2166759
2017-12-31,1M,Equity Common Stock,AZO.N,0.0943181
2017-12-31,1M,Equity Common Stock,AVB.N,0.0769659
2017-12-31,1M,Equity Common Stock,AVY.N,0.4663926
2017-12-31,1M,Equity Common Stock,BBT.N,0.1513864
2017-12-31,1M,Equity Common Stock,BHGE.N,-0.0544830
2017-12-31,1M,Equity Common Stock,BLL.N,0.0804573
2017-12-31,1M,Equity Common Stock,BAX.N,0.2875957
2017-12-31,1M,Equity Common Stock,BDX.N,0.3017115
2017-12-31,1M,Equity Common Stock,VZ.N,0.0925422
2017-12-31,1M,Equity Common Stock,BRKb.N,0.2429864
2017-12-31,1M,Equity Common Stock,BBY.N,0.2446595
2017-12-31,1M,Equity Common Stock,HRB.N,-0.0398591
2017-12-31,1M,Equity Common Stock,BA.N,0.3703631
2017-12-31,1M,Equity Common Stock,BWA.N,0.0261489
2017-12-31,1M,Equity Common Stock,BSX.N,0.3135536
2017-12-31,1M,Equity Common Stock,BMY.N,0.0519432
2017-12-31,1M,Equity Common Stock,BFb.N,0.2748657
2017-12-31,1M,Equity Common Stock,CI.N,0.3272626
2017-12-31,1M,Equity Common Stock,CMS.N,0.2052976
2017-12-31,1M,Equity Common Stock,CSX.OQ,0.1783793
2017-12-31,1M,Equity Common Stock,CVS.N,-0.1172928
2017-12-31,1M,Equity Common Stock,COG.N,0.0308724
2017-12-31,1M,Equity Common Stock,CDNS.OQ,0.4221502
2017-12-31,1M,Equity Common Stock,CPB.N,0.0733529
2017-12-31,1M,Equity Common Stock,STZ.N,0.5475649
2017-12-31,1M,Equity Common Stock,COF.N,0.1109186
2017-12-31,1M,Equity Common Stock,CAH.N,-0.1090690
2017-12-31,1M,Equity Common Stock,CCL.N,0.2188718
2017-12-31,1M,Equity Common Stock,CAT.N,0.2443647
2017-12-31,1M,Equity Common Stock,CELG.OQ,0.0272956
2017-12-31,1M,Equity Common Stock,CERN.OQ,0.0506494
2017-12-31,1M,Equity Common Stock,JPM.N,0.2769646
2017-12-31,1M,Equity Common Stock,CVX.N,0.0800717
2017-12-31,1M,Equity Common Stock,CHD.N,0.1761200
2017-12-31,1M,Equity Common Stock,CINF.OQ,0.2413111
2017-12-31,1M,Equity Common Stock,CSCO.OQ,0.1798037
2017-12-31,1M,Equity Common Stock,CTAS.OQ,0.4636120
2017-12-31,1M,Equity Common Stock,CTXS.OQ,0.2833320
2017-12-31,1M,Equity Common Stock,CLX.N,0.2455175
2017-12-31,1M,Equity Common Stock,KO.N,0.0895111
2017-12-31,1M,Equity Common Stock,CL.N,0.0785360
2017-12-31,1M,Equity Common Stock,CMA.N,0.2437872
2017-12-31,1M,Equity Common Stock,CA.OQ,0.0785248
2017-12-31,1M,Equity Common Stock,DXC.N,0.3967837
2017-12-31,1M,Equity Common Stock,CAG.N,0.2053974
2017-12-31,1M,Equity Common Stock,ED.N,0.1664854
2017-12-31,1M,Equity Common Stock,COO.N,0.1683793
2017-12-31,1M,Equity Common Stock,TAP.N,0.0730160
2017-12-31,1M,Equity Common Stock,CPRT.OQ,0.4370371
2017-12-31,1M,Equity Common Stock,GLW.N,0.1909474
2017-12-31,1M,Equity Common Stock,CMI.N,0.1277161
2017-12-31,1M,Equity Common Stock,DHI.N,0.3353335
2017-12-31,1M,Equity Common Stock,DTE.N,0.1790442
2017-12-31,1M,Equity Common Stock,DHR.N,0.2643522
2017-12-31,1M,Equity Common Stock,DRI.N,0.3033394
2017-12-31,1M,Equity Common Stock,TGT.N,-0.0407617
2017-12-31,1M,Equity Common Stock,DE.N,0.2957971
2017-12-31,1M,Equity Common Stock,XRAY.OQ,0.1290768
2017-12-31,1M,Equity Common Stock,DIS.N,0.0927392
2017-12-31,1M,Equity Common Stock,DLTR.OQ,0.1909129
2017-12-31,1M,Equity Common Stock,D.N,0.0563932
2017-12-31,1M,Equity Common Stock,DOV.N,0.2096249
2017-12-31,1M,Equity Common Stock,DUK.N,0.0267024
2017-12-31,1M,Equity Common Stock,DRE.N,0.1953817
2017-12-31,1M,Equity Common Stock,ETFC.OQ,0.2888935
2017-12-31,1M,Equity Common Stock,EMN.N,0.1243806
2017-12-31,1M,Equity Common Stock,ETN.N,0.0985891
2017-12-31,1M,Equity Common Stock,ECL.N,0.1946192
2017-12-31,1M,Equity Common Stock,EIX.N,0.0147444
2017-12-31,1M,Equity Common Stock,EA.OQ,0.3362051
2017-12-31,1M,Equity Common Stock,EMR.N,0.0883364
2017-12-31,1M,Equity Common Stock,EOG.N,0.0939926
2017-12-31,1M,Equity Common Stock,ETR.N,-0.0161167
2017-12-31,1M,Equity Common Stock,EFX.N,0.1965717
2017-12-31,1M,Equity Common Stock,EQT.N,-0.0615367
2017-12-31,1M,Equity Common Stock,EQR.N,0.0468295
2017-12-31,1M,Equity Common Stock,RE.N,0.2044577
2017-12-31,1M,Equity Common Stock,EXPD.OQ,0.2640742
2017-12-31,1M,Equity Common Stock,ESRX.OQ,-0.0283908
2017-12-31,1M,Equity Common Stock,XOM.N,-0.0486638
2017-12-31,1M,Equity Common Stock,FMC.N,0.2017721
2017-12-31,1M,Equity Common Stock,NEE.N,0.2632350
2017-12-31,1M,Equity Common Stock,FAST.OQ,0.0905297
2017-12-31,1M,Equity Common Stock,FDX.N,0.1932607
2017-12-31,1M,Equity Common Stock,FRT.N,0.0197811
2017-12-31,1M,Equity Common Stock,M.N,-0.1853514
2017-12-31,1M,Equity Common Stock,FITB.OQ,0.1835222
2017-12-31,1M,Equity Common Stock,FISV.OQ,0.4419639
2017-12-31,1M,Equity Common Stock,FE.N,-0.0954440
2017-12-31,1M,Equity Common Stock,FLS.N,-0.0972416
2017-12-31,1M,Equity Common Stock,BEN.N,-0.0759372
2017-12-31,1M,Equity Common Stock,FCX.N,0.0836633
2017-12-31,1M,Equity Common Stock,AJG.N,0.2053742
2017-12-31,1M,Equity Common Stock,GPS.N,0.0085373
2017-12-31,1M,Equity Common Stock,IT.N,0.2094243
2017-12-31,1M,Equity Common Stock,GD.N,0.2717082
2017-12-31,1M,Equity Common Stock,GE.N,-0.1461762
2017-12-31,1M,Equity Common Stock,GIS.N,0.0894871
2017-12-31,1M,Equity Common Stock,GPC.N,-0.0304803
2017-12-31,1M,Equity Common Stock,GILD.OQ,-0.0858025
2017-12-31,1M,Equity Common Stock,GT.OQ,0.0822311
2017-12-31,1M,Equity Common Stock,GWW.N,0.0012751
2017-12-31,1M,Equity Common Stock,HAL.N,0.1124399
2017-12-31,1M,Equity Common Stock,HOG.N,-0.0701077
2017-12-31,1M,Equity Common Stock,HRS.N,0.3616768
2017-12-31,1M,Equity Common Stock,HIG.N,0.1997030
2017-12-31,1M,Equity Common Stock,HAS.OQ,0.2586660
2017-12-31,1M,Equity Common Stock,HCP.N,-0.1579716
2017-12-31,1M,Equity Common Stock,WELL.N,-0.0602486
2017-12-31,1M,Equity Common Stock,HP.N,0.0422613
2017-12-31,1M,Equity Common Stock,HSY.N,0.0697622
2017-12-31,1M,Equity Common Stock,HPQ.N,0.0890154
2017-12-31,1M,Equity Common Stock,HFC.N,0.1337232
2017-12-31,1M,Equity Common Stock,HOLX.OQ,0.2503237
2017-12-31,1M,Equity Common Stock,HD.N,0.3849844
2017-12-31,1M,Equity Common Stock,HRL.N,0.1787749
2017-12-31,1M,Equity Common Stock,HST.N,-0.0463693
2017-12-31,1M,Equity Common Stock,HUM.N,0.2204283
2017-12-31,1M,Equity Common Stock,JBHT.OQ,0.1748711
2017-12-31,1M,Equity Common Stock,HBAN.OQ,0.1619143
2017-12-31,1M,Equity Common Stock,BIIB.OQ,0.0482958
2017-12-31,1M,Equity Common Stock,MOS.N,-0.1075382
2017-12-31,1M,Equity Common Stock,IDXX.OQ,0.3181673
2017-12-31,1M,Equity Common Stock,ITW.N,0.3650011
2017-12-31,1M,Equity Common Stock,INCY.OQ,0.1230615
2017-12-31,1M,Equity Common Stock,IR.N,0.1909720
2017-12-31,1M,Equity Common Stock,NKTR.OQ,0.2325424
2017-12-31,1M,Equity Common Stock,INTC.OQ,0.1344159
2017-12-31,1M,Equity Common Stock,IBM.N,-0.0002937
2017-12-31,1M,Equity Common Stock,IFF.N,0.2199327
2017-12-31,1M,Equity Common Stock,IP.N,0.0648592
2017-12-31,1M,Equity Common Stock,IPG.N,0.0166784
2017-12-31,1M,Equity Common Stock,INTU.OQ,0.2850755
2017-12-31,1M,Equity Common Stock,JEC.N,0.1799555
2017-12-31,1M,Equity Common Stock,JNJ.N,0.2483608
2017-12-31,1M,Equity Common Stock,KLAC.OQ,0.1737913
2017-12-31,1M,Equity Common Stock,KSU.N,-0.0202900
2017-12-31,1M,Equity Common Stock,K.N,0.0472031
2017-12-31,1M,Equity Common Stock,KEY.N,0.1730034
2017-12-31,1M,Equity Common Stock,KMB.N,0.0482459
2017-12-31,1M,Equity Common Stock,KIM.N,-0.1120246
2017-12-31,1M,Equity Common Stock,KSS.N,0.0158246
2017-12-31,1M,Equity Common Stock,KR.N,-0.0109186
2017-12-31,1M,Equity Common Stock,LH.N,0.2349831
2017-12-31,1M,Equity Common Stock,LRCX.OQ,0.3373894
2017-12-31,1M,Equity Common Stock,EL.N,0.2858323
2017-12-31,1M,Equity Common Stock,LEG.N,0.0850863
2017-12-31,1M,Equity Common Stock,LEN.N,0.1894902
2017-12-31,1M,Equity Common Stock,JEF.N,0.1016502
2017-12-31,1M,Equity Common Stock,LLY.N,0.1397132
2017-12-31,1M,Equity Common Stock,LB.N,-0.0438513
2017-12-31,1M,Equity Common Stock,LNC.N,0.1293031
2017-12-31,1M,Equity Common Stock,LMT.N,0.3859378
2017-12-31,1M,Equity Common Stock,L.N,0.1633667
2017-12-31,1M,Equity Common Stock,LOW.N,0.1782200
2017-12-31,1M,Equity Common Stock,MTB.N,0.1709680
2017-12-31,1M,Equity Common Stock,MGM.N,0.1979432
2017-12-31,1M,Equity Common Stock,MAC.N,-0.0585834
2017-12-31,1M,Equity Common Stock,MMC.N,0.2495369
2017-12-31,1M,Equity Common Stock,MAR.OQ,0.2685920
2017-12-31,1M,Equity Common Stock,MLM.N,0.2663606
2017-12-31,1M,Equity Common Stock,MAS.N,0.3433371
2017-12-31,1M,Equity Common Stock,MAT.OQ,-0.1305181
2017-12-31,1M,Equity Common Stock,MKC.N,0.2413212
2017-12-31,1M,Equity Common Stock,MCD.N,0.4315717
2017-12-31,1M,Equity Common Stock,SPGI.N,0.3183004
2017-12-31,1M,Equity Common Stock,MCK.N,-0.0537805
2017-12-31,1M,Equity Common Stock,MDT.N,0.0874364
2017-12-31,1M,Equity Common Stock,BK.N,0.1655395
2017-12-31,1M,Equity Common Stock,MSFT.OQ,0.2785936
2017-12-31,1M,Equity Common Stock,MCHP.OQ,0.3424441
2017-12-31,1M,Equity Common Stock,MU.OQ,0.0986657
2017-12-31,1M,Equity Common Stock,MAA.N,0.1831291
2017-12-31,1M,Equity Common Stock,MMM.N,0.2661214
2017-12-31,1M,Equity Common Stock,MHK.N,0.3172589
2017-12-31,1M,Equity Common Stock,MS.N,0.1481058
2017-12-31,1M,Equity Common Stock,MSI.N,0.1754367
2017-12-31,1M,Equity Common Stock,MYL.OQ,-0.0314085
2017-12-31,1M,Equity Common Stock,NTAP.OQ,0.1246228
2017-12-31,1M,Equity Common Stock,NFX.N,0.0889001
2017-12-31,1M,Equity Common Stock,NEM.N,0.2044911
2017-12-31,1M,Equity Common Stock,NKE.N,0.1644183
2017-12-31,1M,Equity Common Stock,NBL.N,-0.1102507
2017-12-31,1M,Equity Common Stock,JWN.N,-0.0815757
2017-12-31,1M,Equity Common Stock,NSC.N,0.1378544
2017-12-31,1M,Equity Common Stock,ES.N,0.1222546
2017-12-31,1M,Equity Common Stock,XEL.OQ,0.2071574
2017-12-31,1M,Equity Common Stock,NTRS.OQ,0.2049441
2017-12-31,1M,Equity Common Stock,NOC.N,0.4844513
2017-12-31,1M,Equity Common Stock,WFC.N,0.0776115
2017-12-31,1M,Equity Common Stock,NUE.N,0.1272108
2017-12-31,1M,Equity Common Stock,OXY.N,-0.0184362
2017-12-31,1M,Equity Common Stock,OMC.N,-0.0070630
2017-12-31,1M,Equity Common Stock,OKE.N,0.0653695
2017-12-31,1M,Equity Common Stock,ORCL.N,0.0523057
2017-12-31,1M,Equity Common Stock,ORLY.OQ,0.1402627
2017-12-31,1M,Equity Common Stock,EXC.N,0.0577853
2017-12-31,1M,Equity Common Stock,PCG.N,-0.0509678
2017-12-31,1M,Equity Common Stock,PNC.N,0.2645131
2017-12-31,1M,Equity Common Stock,PPL.N,-0.0284566
2017-12-31,1M,Equity Common Stock,PPG.N,0.0334063
2017-12-31,1M,Equity Common Stock,PCAR.OQ,0.0751114
2017-12-31,1M,Equity Common Stock,PH.N,0.2548589
2017-12-31,1M,Equity Common Stock,PAYX.OQ,0.2507890
2017-12-31,1M,Equity Common Stock,PNR.N,0.0584352
2017-12-31,1M,Equity Common Stock,PBCT.OQ,0.1335001
2017-12-31,1M,Equity Common Stock,PEP.OQ,0.2162232
2017-12-31,1M,Equity Common Stock,PRGO.N,-0.2056753
2017-12-31,1M,Equity Common Stock,PFE.N,0.1114752
2017-12-31,1M,Equity Common Stock,MO.N,0.2198642
2017-12-31,1M,Equity Common Stock,COP.N,-0.0287809
2017-12-31,1M,Equity Common Stock,PVH.N,0.0635429
2017-12-31,1M,Equity Common Stock,PNW.N,0.1534718
2017-12-31,1M,Equity Common Stock,PXD.N,0.0906108
2017-12-31,1M,Equity Common Stock,PX.N,0.1260794
2017-12-31,1M,Equity Common Stock,TROW.OQ,0.1360009
2017-12-31,1M,Equity Common Stock,PG.N,0.0241870
2017-12-31,1M,Equity Common Stock,PGR.N,0.4949057
2017-12-31,1M,Equity Common Stock,PEG.N,0.1603487
2017-12-31,1M,Equity Common Stock,PSA.N,0.0910195
2017-12-31,1M,Equity Common Stock,PHM.N,0.2165268
2017-12-31,1M,Equity Common Stock,QCOM.OQ,0.0040033
2017-12-31,1M,Equity Common Stock,PWR.N,0.1585791
2017-12-31,1M,Equity Common Stock,RJF.N,0.1944657
2017-12-31,1M,Equity Common Stock,O.N,0.1098260
2017-12-31,1M,Equity Common Stock,REGN.OQ,0.0217431
2017-12-31,1M,Equity Common Stock,REG.N,0.0680071
2017-12-31,1M,Equity Common Stock,RMD.N,0.2096790
2017-12-31,1M,Equity Common Stock,RHI.N,0.0184833
2017-12-31,1M,Equity Common Stock,ROK.N,0.3279827
2017-12-31,1M,Equity Common Stock,ROL.N,0.4865304
2017-12-31,1M,Equity Common Stock,ROP.N,0.2987918
2017-12-31,1M,Equity Common Stock,ROST.OQ,0.2648222
2017-12-31,1M,Equity Common Stock,T.N,0.1037197
2017-12-31,1M,Equity Common Stock,TRV.N,0.1646412
2017-12-31,1M,Equity Common Stock,SCG.N,-0.1616506
2017-12-31,1M,Equity Common Stock,HSIC.OQ,0.0388367
2017-12-31,1M,Equity Common Stock,SLB.N,-0.0788085
2017-12-31,1M,Equity Common Stock,SCHW.N,0.2098060
2017-12-31,1M,Equity Common Stock,SEE.N,0.1016862
2017-12-31,1M,Equity Common Stock,SRE.N,-0.0030595
2017-12-31,1M,Equity Common Stock,SHW.N,0.2243845
2017-12-31,1M,Equity Common Stock,SIVB.OQ,0.2553516
2017-12-31,1M,Equity Common Stock,SPG.N,-0.0030042
2017-12-31,1M,Equity Common Stock,AOS.N,0.4111687
2017-12-31,1M,Equity Common Stock,SNA.N,0.1625442
2017-12-31,1M,Equity Common Stock,SO.N,0.0073079
2017-12-31,1M,Equity Common Stock,LUV.N,0.1872536
2017-12-31,1M,Equity Common Stock,SWK.N,0.3543219
2017-12-31,1M,Equity Common Stock,USB.N,0.1349683
2017-12-31,1M,Equity Common Stock,SBUX.OQ,0.2227594
2017-12-31,1M,Equity Common Stock,STT.N,0.1200124
2017-12-31,1M,Equity Common Stock,SYK.N,0.3856404
2017-12-31,1M,Equity Common Stock,STI.N,0.2153418
2017-12-31,1M,Equity Common Stock,SYMC.OQ,0.1447774
2017-12-31,1M,Equity Common Stock,SNPS.OQ,0.3962375
2017-12-31,1M,Equity Common Stock,SYY.N,0.2939227
2017-12-31,1M,Equity Common Stock,TJX.N,0.0972225
2017-12-31,1M,Equity Common Stock,TXN.OQ,0.3830681
2017-12-31,1M,Equity Common Stock,TXT.N,0.1688935
2017-12-31,1M,Equity Common Stock,TMO.N,0.2603407
2017-12-31,1M,Equity Common Stock,TIF.N,0.0302574
2017-12-31,1M,Equity Common Stock,TMK.N,0.3585285
2017-12-31,1M,Equity Common Stock,DVA.N,0.0107790
2017-12-31,1M,Equity Common Stock,TSS.N,0.3885455
2017-12-31,1M,Equity Common Stock,TSCO.OQ,0.0170023
2017-12-31,1M,Equity Common Stock,C.N,0.1598371
2017-12-31,1M,Equity Common Stock,YUM.N,0.2554742
2017-12-31,1M,Equity Common Stock,TSN.N,0.3058521
2017-12-31,1M,Equity Common Stock,MRO.N,-0.0163922
2017-12-31,1M,Equity Common Stock,WM.N,0.3844412
2017-12-31,1M,Equity Common Stock,UNP.N,0.0830206
2017-12-31,1M,Equity Common Stock,UDR.N,0.1593039
2017-12-31,1M,Equity Common Stock,UNH.N,0.5397832
2017-12-31,1M,Equity Common Stock,UTX.N,0.0836746
2017-12-31,1M,Equity Common Stock,UHS.N,0.0396126
2017-12-31,1M,Equity Common Stock,VFC.N,0.0161869
2017-12-31,1M,Equity Common Stock,VLO.N,0.2762201
2017-12-31,1M,Equity Common Stock,VTR.N,0.0059179
2017-12-31,1M,Equity Common Stock,FL.N,0.0098767
2017-12-31,1M,Equity Common Stock,VRSN.OQ,0.3154944
2017-12-31,1M,Equity Common Stock,VRTX.OQ,0.1141401
2017-12-31,1M,Equity Common Stock,VNO.N,-0.0212883
2017-12-31,1M,Equity Common Stock,VMC.N,0.3524070
2017-12-31,1M,Equity Common Stock,WMT.N,0.1014200
2017-12-31,1M,Equity Common Stock,WBA.OQ,0.0057522
2017-12-31,1M,Equity Common Stock,WAT.N,0.2913421
2017-12-31,1M,Equity Common Stock,AGN.N,-0.1141874
2017-12-31,1M,Equity Common Stock,WDC.OQ,-0.0392328
2017-12-31,1M,Equity Common Stock,EVRG.N,0.1606831
2017-12-31,1M,Equity Common Stock,WY.N,0.0209838
2017-12-31,1M,Equity Common Stock,WHR.N,-0.0088809
2017-12-31,1M,Equity Common Stock,WMB.N,-0.0374063
2017-12-31,1M,Equity Common Stock,WEC.N,0.1560215
2017-12-31,1M,Equity Common Stock,XLNX.OQ,0.2239911
2017-12-31,1M,Equity Common Stock,XRX.N,-0.0506652
2017-12-31,1M,Equity Common Stock,ZION.OQ,0.2304307
2017-12-31,1M,Equity Common Stock,CB.N,0.1934464
2017-12-31,1M,Equity Common Stock,JCI.N,-0.0043594
2017-12-31,1M,Equity Common Stock,RCL.N,0.1681129
2017-12-31,1M,Equity Common Stock,AMT.N,0.2135131
2017-12-31,1M,Equity Common Stock,MCO.N,0.2481775
2017-12-31,1M,Equity Common Stock,DGX.N,0.2186930
2017-12-31,1M,Equity Common Stock,SRCL.OQ,-0.2390199
2017-12-31,1M,Equity Common Stock,PLD.N,0.2363727
2017-12-31,1M,Equity Common Stock,URI.N,0.1761234
2017-12-31,1M,Equity Common Stock,CNP.N,0.1333243
2017-12-31,1M,Equity Common Stock,NWL.N,-0.0425161
2017-12-31,1M,Equity Common Stock,VAR.N,0.2161751
2017-12-31,1M,Equity Common Stock,BXP.N,0.0357756
2017-12-31,1M,Equity Common Stock,ESS.N,0.1136273
2017-12-31,1M,Equity Common Stock,ARE.N,0.2315916
2017-12-31,1M,Equity Common Stock,CHRW.OQ,0.1109837
2017-12-31,1M,Equity Common Stock,DISH.OQ,-0.1713574
2017-12-31,1M,Equity Common Stock,LLL.N,0.2345226
2017-12-31,1M,Equity Common Stock,MTD.N,0.3676253
2017-12-31,1M,Equity Common Stock,IRM.N,0.0211311
2017-12-31,1M,Equity Common Stock,SLG.N,-0.0401332
2017-12-31,1M,Equity Common Stock,NI.N,0.2699939
2017-12-31,1M,Equity Common Stock,SWKS.OQ,0.1237489
2017-12-31,1M,Equity Common Stock,BAC.N,0.2087899
2017-12-31,1M,Equity Common Stock,AMZN.OQ,0.5197429
2017-12-31,1M,Equity Common Stock,NOV.N,-0.1528210
2017-12-31,1M,Equity Common Stock,RL.N,-0.1449549
2017-12-31,1M,Equity Common Stock,LNT.N,0.1752159
2017-12-31,1M,Equity Common Stock,CTL.N,-0.2262422
2017-12-31,1M,Equity Common Stock,CTSH.OQ,0.1536531
2017-12-31,1M,Equity Common Stock,CCI.N,0.2259585
2017-12-31,1M,Equity Common Stock,EBAY.OQ,0.1947665
2017-12-31,1M,Equity Common Stock,GS.N,0.1397809
2017-12-31,1M,Equity Common Stock,NVDA.OQ,0.6257390
2017-12-31,1M,Equity Common Stock,BKNG.OQ,0.1803374
2017-12-31,1M,Equity Common Stock,RSG.N,0.5077478
2017-12-31,1M,Equity Common Stock,UNM.N,0.2132445
2017-12-31,1M,Equity Common Stock,COST.OQ,0.2020119
2017-12-31,1M,Equity Common Stock,DVN.N,-0.0049003
2017-12-31,1M,Equity Common Stock,PKI.N,0.3005757
2017-12-31,1M,Equity Common Stock,TTWO.OQ,0.5124682
2017-12-31,1M,Equity Common Stock,AKAM.OQ,0.0577673
2017-12-31,1M,Equity Common Stock,UPS.N,0.0668870
2017-12-31,1M,Equity Common Stock,JNPR.N,0.1257104
2017-12-31,1M,Equity Common Stock,RHT.N,0.2592702
2017-12-31,1M,Equity Common Stock,FLIR.OQ,0.1947400
2017-12-31,1M,Equity Common Stock,EW.N,0.2262451
2017-12-31,1M,Equity Common Stock,A.N,0.2522761
2017-12-31,1M,Equity Common Stock,BLK.N,0.2029716
2017-12-31,1M,Equity Common Stock,FFIV.OQ,0.0329168
2017-12-31,1M,Equity Common Stock,MET.N,0.0529823
2017-12-31,1M,Equity Common Stock,PKG.N,0.1879009
2017-12-31,1M,Equity Common Stock,SBAC.OQ,0.1963755
2017-12-31,1M,Equity Common Stock,F.N,-0.0968424
2017-12-31,1M,Equity Common Stock,AET.N,0.3360604
2017-12-31,1M,Equity Common Stock,FLR.N,-0.0271544
2017-12-31,1M,Equity Common Stock,GPN.N,0.4443048
2017-12-31,1M,Equity Common Stock,TPR.N,0.0985510
2017-12-31,1M,Equity Common Stock,RTN.N,0.3308733
2017-12-31,1M,Equity Common Stock,ALGN.OQ,0.5121903
2017-12-31,1M,Equity Common Stock,ANSS.OQ,0.3350169
2017-12-31,1M,Equity Common Stock,KMX.N,0.0243291
2017-12-31,1M,Equity Common Stock,ILMN.OQ,0.0966342
2017-12-31,1M,Equity Common Stock,ISRG.OQ,0.4066182
2017-12-31,1M,Equity Common Stock,FIS.N,0.2495161
2017-12-31,1M,Equity Common Stock,COL.N,0.2491880
2017-12-31,1M,Equity Common Stock,ZBH.N,0.0584899
2017-12-31,1M,Equity Common Stock,ACN.N,0.3381864
2017-12-31,1M,Equity Common Stock,ADS.N,0.0020436
2017-12-31,1M,Equity Common Stock,ANTM.N,0.2964879
2017-12-31,1M,Equity Common Stock,IVZ.N,0.0117548
2017-12-31,1M,Equity Common Stock,EQIX.OQ,0.4372181
2017-12-31,1M,Equity Common Stock,GRMN.OQ,0.0789603
2017-12-31,1M,Equity Common Stock,MNST.OQ,0.2515117
2017-12-31,1M,Equity Common Stock,MDLZ.OQ,0.1162591
2017-12-31,1M,Equity Common Stock,PFG.OQ,0.1637669
2017-12-31,1M,Equity Common Stock,WLTW.OQ,0.1637304
2017-12-31,1M,Equity Common Stock,AAP.N,-0.1072415
2017-12-31,1M,Equity Common Stock,CNC.N,0.2492334
2017-12-31,1M,Equity Common Stock,PRU.N,0.1307446
2017-12-31,1M,Equity Common Stock,NFLX.OQ,0.3748152
2017-12-31,1M,Equity Common Stock,SJM.N,0.1249116
2017-12-31,1M,Equity Common Stock,NDAQ.OQ,0.2948601
2017-12-31,1M,Equity Common Stock,XEC.N,0.0888930
2017-12-31,1M,Equity Common Stock,WYNN.OQ,0.0903695
2017-12-31,1M,Equity Common Stock,CMCSA.OQ,0.1867740
2017-12-31,1M,Equity Common Stock,CME.OQ,0.3734161
2017-12-31,1M,Equity Common Stock,STX.OQ,-0.0282234
2017-12-31,1M,Equity Common Stock,LKQ.OQ,0.2158885
2017-12-31,1M,Equity Common Stock,NRG.N,0.0702515
2017-12-31,1M,Equity Common Stock,AIZ.N,0.2140689
2017-12-31,1M,Equity Common Stock,CBRE.N,0.1185981
2017-12-31,1M,Equity Common Stock,CRM.N,0.2460756
2017-12-31,1M,Equity Common Stock,RF.N,0.1997266
2017-12-31,1M,Equity Common Stock,WCG.N,0.3263688
2017-12-31,1M,Equity Common Stock,EXR.N,0.2057495
2017-12-31,1M,Equity Common Stock,GOOGL.OQ,0.3527710
2017-12-31,1M,Equity Common Stock,DLR.N,0.2958289
2017-12-31,1M,Equity Common Stock,FOXA.OQ,0.0033270
2017-12-31,1M,Equity Common Stock,FOX.OQ,0.0113196
2017-12-31,1M,Equity Common Stock,EXPE.OQ,0.1624444
2017-12-31,1M,Equity Common Stock,CF.N,-0.0008346
2017-12-31,1M,Equity Common Stock,AMP.N,0.1201783
2017-12-31,1M,Equity Common Stock,MA.N,0.3592216
2017-12-31,1M,Equity Common Stock,ICE.N,0.2770628
2017-12-31,1M,Equity Common Stock,UAA.N,-0.1927309
2017-12-31,1M,Equity Common Stock,CBS.N,0.0593304
2017-12-31,1M,Equity Common Stock,VIAB.OQ,-0.1567465
2017-12-31,1M,Equity Common Stock,CMG.N,-0.2164864
2017-12-31,1M,Equity Common Stock,UAL.OQ,0.0495772
2017-12-31,1M,Equity Common Stock,TDG.N,0.2463207
2017-12-31,1M,Equity Common Stock,IPGP.OQ,0.3639820
2017-12-31,1M,Equity Common Stock,HBI.N,-0.0848574
2017-12-31,1M,Equity Common Stock,WU.N,0.0568885
2017-12-31,1M,Equity Common Stock,BR.N,0.4597703
2017-12-31,1M,Equity Common Stock,DAL.N,0.0849264
2017-12-31,1M,Equity Common Stock,TEL.N,0.2536569
2017-12-31,1M,Equity Common Stock,DFS.N,0.0957012
2017-12-31,1M,Equity Common Stock,CXO.N,0.1761688
2017-12-31,1M,Equity Common Stock,ULTA.OQ,0.2589154
2017-12-31,1M,Equity Common Stock,MSCI.N,0.5091968
2017-12-31,1M,Equity Common Stock,PM.N,0.1631691
2017-12-31,1M,Equity Common Stock,V.N,0.3727118
2017-12-31,1M,Equity Common Stock,AWK.N,0.3471942
2017-12-31,1M,Equity Common Stock,DISCA.OQ,-0.1040756
2017-12-31,1M,Equity Common Stock,DISCK.OQ,-0.1193121
2017-12-31,1M,Equity Common Stock,AVGO.OQ,0.3595758
2017-12-31,1M,Equity Common Stock,VRSK.OQ,0.2695013
2017-12-31,1M,Equity Common Stock,MRK.N,0.0198486
2017-12-31,1M,Equity Common Stock,DG.N,0.1432606
2017-12-31,1M,Equity Common Stock,CHTR.OQ,0.2661935
2017-12-31,1M,Equity Common Stock,LYB.N,0.1676146
2017-12-31,1M,Equity Common Stock,CBOE.Z,0.4031961
2017-12-31,1M,Equity Common Stock,KMI.N,-0.2085828
2017-12-31,1M,Equity Common Stock,HCA.N,0.1113042
2017-12-31,1M,Equity Common Stock,NLSN.N,-0.0745751
2017-12-31,1M,Equity Common Stock,GM.N,0.0994856
2017-12-31,1M,Equity Common Stock,HII.N,0.3371733
2017-12-31,1M,Equity Common Stock,MPC.N,0.1714320
2017-12-31,1M,Equity Common Stock,FBHS.N,0.2538702
2017-12-31,1M,Equity Common Stock,XYL.N,0.3498071
2017-12-31,1M,Equity Common Stock,APTV.N,0.1648616
2017-12-31,1M,Equity Common Stock,TRIP.OQ,-0.1102177
2017-12-31,1M,Equity Common Stock,KORS.N,0.0146505
2017-12-31,1M,Equity Common Stock,FLT.N,0.1321489
2017-12-31,1M,Equity Common Stock,FB.OQ,0.4595043
2017-12-31,1M,Equity Common Stock,PSX.N,0.2084587
2017-12-31,1M,Equity Common Stock,ABBV.N,0.1968015
2017-12-31,1M,Equity Common Stock,QRVO.OQ,0.0675992
2017-12-31,1M,Equity Common Stock,EVHC.N,-0.0829591
2017-11-30,1M,Equity Common Stock,AFL.N,0.2718238
2017-11-30,1M,Equity Common Stock,AES.N,-0.0778464
2017-11-30,1M,Equity Common Stock,ABT.N,0.1370128
2017-11-30,1M,Equity Common Stock,ABMD.OQ,0.4848596
2017-11-30,1M,Equity Common Stock,ATVI.OQ,0.4483600
2017-11-30,1M,Equity Common Stock,ADBE.OQ,0.4919703
2017-11-30,1M,Equity Common Stock,AMD.OQ,0.3069657
2017-11-30,1M,Equity Common Stock,AMG.N,0.0298501
2017-11-30,1M,Equity Common Stock,APD.N,0.1502855
2017-11-30,1M,Equity Common Stock,ALK.N,0.0934109
2017-11-30,1M,Equity Common Stock,ALB.N,0.2971944
2017-11-30,1M,Equity Common Stock,ALXN.OQ,-0.1006424
2017-11-30,1M,Equity Common Stock,HON.N,0.3748108
2017-11-30,1M,Equity Common Stock,ALL.N,0.2778100
2017-11-30,1M,Equity Common Stock,ARNC.N,-0.0546119
2017-11-30,1M,Equity Common Stock,HES.N,-0.0725932
2017-11-30,1M,Equity Common Stock,AEE.N,0.2759920
2017-11-30,1M,Equity Common Stock,AEP.N,0.2046262
2017-11-30,1M,Equity Common Stock,AXP.N,0.0573558
2017-11-30,1M,Equity Common Stock,AIG.N,0.0709582
2017-11-30,1M,Equity Common Stock,ABC.N,0.0087709
2017-11-30,1M,Equity Common Stock,AME.N,0.2241217
2017-11-30,1M,Equity Common Stock,AMGN.OQ,0.0582309
2017-11-30,1M,Equity Common Stock,APH.N,0.3939821
2017-11-30,1M,Equity Common Stock,APC.N,-0.0813461
2017-11-30,1M,Equity Common Stock,ADI.OQ,0.2161404
2017-11-30,1M,Equity Common Stock,AON.N,0.2875488
2017-11-30,1M,Equity Common Stock,APA.N,-0.0460728
2017-11-30,1M,Equity Common Stock,AIV.N,0.1190084
2017-11-30,1M,Equity Common Stock,AAPL.OQ,0.1851659
2017-11-30,1M,Equity Common Stock,AMAT.OQ,0.2964529
2017-11-30,1M,Equity Common Stock,ADM.N,-0.0957183
2017-11-30,1M,Equity Common Stock,ADSK.OQ,0.2022601
2017-11-30,1M,Equity Common Stock,ADP.OQ,0.1869413
2017-11-30,1M,Equity Common Stock,AZO.N,0.1098427
2017-11-30,1M,Equity Common Stock,AVB.N,0.0976394
2017-11-30,1M,Equity Common Stock,AVY.N,0.4884842
2017-11-30,1M,Equity Common Stock,BBT.N,0.1652888
2017-11-30,1M,Equity Common Stock,BHGE.N,-0.0892383
2017-11-30,1M,Equity Common Stock,BLL.N,0.1184177
2017-11-30,1M,Equity Common Stock,BAX.N,0.2981917
2017-11-30,1M,Equity Common Stock,BDX.N,0.3511575
2017-11-30,1M,Equity Common Stock,VZ.N,0.0280869
2017-11-30,1M,Equity Common Stock,BRKb.N,0.2300358
2017-11-30,1M,Equity Common Stock,BBY.N,0.1963945
2017-11-30,1M,Equity Common Stock,HRB.N,-0.0399715
2017-11-30,1M,Equity Common Stock,BA.N,0.3289280
2017-11-30,1M,Equity Common Stock,BWA.N,0.0430286
2017-11-30,1M,Equity Common Stock,BSX.N,0.3604581
2017-11-30,1M,Equity Common Stock,BMY.N,0.0632927
2017-11-30,1M,Equity Common Stock,BFb.N,0.1457768
2017-11-30,1M,Equity Common Stock,CI.N,0.3491637
2017-11-30,1M,Equity Common Stock,CMS.N,0.2697716
2017-11-30,1M,Equity Common Stock,CSX.OQ,0.1805419
2017-11-30,1M,Equity Common Stock,CVS.N,-0.0620119
2017-11-30,1M,Equity Common Stock,COG.N,0.0009613
2017-11-30,1M,Equity Common Stock,CDNS.OQ,0.4585074
2017-11-30,1M,Equity Common Stock,CPB.N,0.0710558
2017-11-30,1M,Equity Common Stock,STZ.N,0.5302426
2017-11-30,1M,Equity Common Stock,COF.N,0.0748746
2017-11-30,1M,Equity Common Stock,CAH.N,-0.1364627
2017-11-30,1M,Equity Common Stock,CCL.N,0.2263485
2017-11-30,1M,Equity Common Stock,CAT.N,0.1651583
2017-11-30,1M,Equity Common Stock,CELG.OQ,0.0119253
2017-11-30,1M,Equity Common Stock,CERN.OQ,0.0719391
2017-11-30,1M,Equity Common Stock,JPM.N,0.2842441
2017-11-30,1M,Equity Common Stock,CVX.N,0.0701929
2017-11-30,1M,Equity Common Stock,CHD.N,0.1553310
2017-11-30,1M,Equity Common Stock,CINF.OQ,0.2493617
2017-11-30,1M,Equity Common Stock,CSCO.OQ,0.1704242
2017-11-30,1M,Equity Common Stock,CTAS.OQ,0.5101977
2017-11-30,1M,Equity Common Stock,CTXS.OQ,0.2610910
2017-11-30,1M,Equity Common Stock,CLX.N,0.2240074
2017-11-30,1M,Equity Common Stock,KO.N,0.0335056
2017-11-30,1M,Equity Common Stock,CL.N,0.0470237
2017-11-30,1M,Equity Common Stock,CMA.N,0.2318301
2017-11-30,1M,Equity Common Stock,CA.OQ,0.0595277
2017-11-30,1M,Equity Common Stock,DXC.N,0.3993454
2017-11-30,1M,Equity Common Stock,CAG.N,0.1949744
2017-11-30,1M,Equity Common Stock,ED.N,0.2202407
2017-11-30,1M,Equity Common Stock,COO.N,0.2024759
2017-11-30,1M,Equity Common Stock,TAP.N,0.0313584
2017-11-30,1M,Equity Common Stock,CPRT.OQ,0.4390886
2017-11-30,1M,Equity Common Stock,GLW.N,0.2357038
2017-11-30,1M,Equity Common Stock,CMI.N,0.0965381
2017-11-30,1M,Equity Common Stock,DHI.N,0.3308677
2017-11-30,1M,Equity Common Stock,DTE.N,0.2572860
2017-11-30,1M,Equity Common Stock,DHR.N,0.2944878
2017-11-30,1M,Equity Common Stock,DRI.N,0.2690642
2017-11-30,1M,Equity Common Stock,TGT.N,-0.0724672
2017-11-30,1M,Equity Common Stock,DE.N,0.2859357
2017-11-30,1M,Equity Common Stock,XRAY.OQ,0.1221200
2017-11-30,1M,Equity Common Stock,DIS.N,0.0891590
2017-11-30,1M,Equity Common Stock,DLTR.OQ,0.1858686
2017-11-30,1M,Equity Common Stock,D.N,0.1233833
2017-11-30,1M,Equity Common Stock,DOV.N,0.1505937
2017-11-30,1M,Equity Common Stock,DUK.N,0.0817145
2017-11-30,1M,Equity Common Stock,DRE.N,0.2322656
2017-11-30,1M,Equity Common Stock,ETFC.OQ,0.2995654
2017-11-30,1M,Equity Common Stock,EMN.N,0.0792925
2017-11-30,1M,Equity Common Stock,ETN.N,0.0922551
2017-11-30,1M,Equity Common Stock,ECL.N,0.1721410
2017-11-30,1M,Equity Common Stock,EIX.N,0.1698966
2017-11-30,1M,Equity Common Stock,EA.OQ,0.3663800
2017-11-30,1M,Equity Common Stock,EMR.N,0.0344250
2017-11-30,1M,Equity Common Stock,EOG.N,0.0963308
2017-11-30,1M,Equity Common Stock,ETR.N,0.0407914
2017-11-30,1M,Equity Common Stock,EFX.N,0.1896917
2017-11-30,1M,Equity Common Stock,EQT.N,-0.0992235
2017-11-30,1M,Equity Common Stock,EQR.N,0.0837363
2017-11-30,1M,Equity Common Stock,RE.N,0.1765274
2017-11-30,1M,Equity Common Stock,EXPD.OQ,0.2284784
2017-11-30,1M,Equity Common Stock,ESRX.OQ,-0.0953803
2017-11-30,1M,Equity Common Stock,XOM.N,-0.0369884
2017-11-30,1M,Equity Common Stock,FMC.N,0.2157277
2017-11-30,1M,Equity Common Stock,NEE.N,0.2829823
2017-11-30,1M,Equity Common Stock,FAST.OQ,0.0938830
2017-11-30,1M,Equity Common Stock,FDX.N,0.1485954
2017-11-30,1M,Equity Common Stock,FRT.N,0.0206639
2017-11-30,1M,Equity Common Stock,M.N,-0.1980792
2017-11-30,1M,Equity Common Stock,FITB.OQ,0.1904266
2017-11-30,1M,Equity Common Stock,FISV.OQ,0.4378306
2017-11-30,1M,Equity Common Stock,FE.N,-0.0142842
2017-11-30,1M,Equity Common Stock,FLS.N,-0.0869110
2017-11-30,1M,Equity Common Stock,BEN.N,-0.0834180
2017-11-30,1M,Equity Common Stock,FCX.N,0.0261248
2017-11-30,1M,Equity Common Stock,AJG.N,0.2205549
2017-11-30,1M,Equity Common Stock,GPS.N,0.0106498
2017-11-30,1M,Equity Common Stock,IT.N,0.1928589
2017-11-30,1M,Equity Common Stock,GD.N,0.2430784
2017-11-30,1M,Equity Common Stock,GE.N,-0.1462313
2017-11-30,1M,Equity Common Stock,GIS.N,0.0661770
2017-11-30,1M,Equity Common Stock,GPC.N,-0.0229173
2017-11-30,1M,Equity Common Stock,GILD.OQ,-0.0931904
2017-11-30,1M,Equity Common Stock,GT.OQ,0.0972811
2017-11-30,1M,Equity Common Stock,GWW.N,-0.0112924
2017-11-30,1M,Equity Common Stock,HAL.N,0.0337124
2017-11-30,1M,Equity Common Stock,HOG.N,-0.0965574
2017-11-30,1M,Equity Common Stock,HRS.N,0.3744779
2017-11-30,1M,Equity Common Stock,HIG.N,0.2183741
2017-11-30,1M,Equity Common Stock,HAS.OQ,0.2315283
2017-11-30,1M,Equity Common Stock,HCP.N,-0.1595207
2017-11-30,1M,Equity Common Stock,WELL.N,-0.0187526
2017-11-30,1M,Equity Common Stock,HP.N,0.0083907
2017-11-30,1M,Equity Common Stock,HSY.N,0.0760484
2017-11-30,1M,Equity Common Stock,HPQ.N,0.1062399
2017-11-30,1M,Equity Common Stock,HFC.N,0.0747468
2017-11-30,1M,Equity Common Stock,HOLX.OQ,0.2375344
2017-11-30,1M,Equity Common Stock,HD.N,0.3858218
2017-11-30,1M,Equity Common Stock,HRL.N,0.1709003
2017-11-30,1M,Equity Common Stock,HST.N,-0.0364776
2017-11-30,1M,Equity Common Stock,HUM.N,0.2525794
2017-11-30,1M,Equity Common Stock,JBHT.OQ,0.1687646
2017-11-30,1M,Equity Common Stock,HBAN.OQ,0.1728322
2017-11-30,1M,Equity Common Stock,BIIB.OQ,0.0841690
2017-11-30,1M,Equity Common Stock,MOS.N,-0.1247086
2017-11-30,1M,Equity Common Stock,IDXX.OQ,0.3152167
2017-11-30,1M,Equity Common Stock,ITW.N,0.3735627
2017-11-30,1M,Equity Common Stock,INCY.OQ,0.1260362
2017-11-30,1M,Equity Common Stock,IR.N,0.1849512
2017-11-30,1M,Equity Common Stock,NKTR.OQ,0.2140574
2017-11-30,1M,Equity Common Stock,INTC.OQ,0.1104924
2017-11-30,1M,Equity Common Stock,IBM.N,-0.0041826
2017-11-30,1M,Equity Common Stock,IFF.N,0.2300571
2017-11-30,1M,Equity Common Stock,IP.N,0.0532774
2017-11-30,1M,Equity Common Stock,IPG.N,0.0186272
2017-11-30,1M,Equity Common Stock,INTU.OQ,0.2737995
2017-11-30,1M,Equity Common Stock,JEC.N,0.1630556
2017-11-30,1M,Equity Common Stock,JNJ.N,0.2147051
2017-11-30,1M,Equity Common Stock,KLAC.OQ,0.1687721
2017-11-30,1M,Equity Common Stock,KSU.N,0.0131936
2017-11-30,1M,Equity Common Stock,K.N,0.0152948
2017-11-30,1M,Equity Common Stock,KEY.N,0.1618088
2017-11-30,1M,Equity Common Stock,KMB.N,0.0387804
2017-11-30,1M,Equity Common Stock,KIM.N,-0.1086487
2017-11-30,1M,Equity Common Stock,KSS.N,-0.0139140
2017-11-30,1M,Equity Common Stock,KR.N,-0.0070139
2017-11-30,1M,Equity Common Stock,LH.N,0.2470125
2017-11-30,1M,Equity Common Stock,LRCX.OQ,0.3387669
2017-11-30,1M,Equity Common Stock,EL.N,0.2899162
2017-11-30,1M,Equity Common Stock,LEG.N,0.0969449
2017-11-30,1M,Equity Common Stock,LEN.N,0.1617037
2017-11-30,1M,Equity Common Stock,JEF.N,0.0856581
2017-11-30,1M,Equity Common Stock,LLY.N,0.1482774
2017-11-30,1M,Equity Common Stock,LB.N,-0.0450733
2017-11-30,1M,Equity Common Stock,LNC.N,0.1334005
2017-11-30,1M,Equity Common Stock,LMT.N,0.3853320
2017-11-30,1M,Equity Common Stock,L.N,0.1754606
2017-11-30,1M,Equity Common Stock,LOW.N,0.1646869
2017-11-30,1M,Equity Common Stock,MTB.N,0.1638845
2017-11-30,1M,Equity Common Stock,MGM.N,0.1809712
2017-11-30,1M,Equity Common Stock,MAC.N,-0.0395628
2017-11-30,1M,Equity Common Stock,MMC.N,0.2803300
2017-11-30,1M,Equity Common Stock,MAR.OQ,0.2368197
2017-11-30,1M,Equity Common Stock,MLM.N,0.2167406
2017-11-30,1M,Equity Common Stock,MAS.N,0.3507078
2017-11-30,1M,Equity Common Stock,MAT.OQ,-0.0971298
2017-11-30,1M,Equity Common Stock,MKC.N,0.2429987
2017-11-30,1M,Equity Common Stock,MCD.N,0.4021372
2017-11-30,1M,Equity Common Stock,SPGI.N,0.2820240
2017-11-30,1M,Equity Common Stock,MCK.N,-0.0781244
2017-11-30,1M,Equity Common Stock,MDT.N,0.0840032
2017-11-30,1M,Equity Common Stock,BK.N,0.1803175
2017-11-30,1M,Equity Common Stock,MSFT.OQ,0.2590520
2017-11-30,1M,Equity Common Stock,MCHP.OQ,0.3367864
2017-11-30,1M,Equity Common Stock,MU.OQ,0.0995490
2017-11-30,1M,Equity Common Stock,MAA.N,0.2009582
2017-11-30,1M,Equity Common Stock,MMM.N,0.3105403
2017-11-30,1M,Equity Common Stock,MHK.N,0.3376323
2017-11-30,1M,Equity Common Stock,MS.N,0.1761980
2017-11-30,1M,Equity Common Stock,MSI.N,0.2079992
2017-11-30,1M,Equity Common Stock,MYL.OQ,-0.0899740
2017-11-30,1M,Equity Common Stock,NTAP.OQ,0.1233255
2017-11-30,1M,Equity Common Stock,NFX.N,0.0819389
2017-11-30,1M,Equity Common Stock,NEM.N,0.2071491
2017-11-30,1M,Equity Common Stock,NKE.N,0.1287087
2017-11-30,1M,Equity Common Stock,NBL.N,-0.1597171
2017-11-30,1M,Equity Common Stock,JWN.N,-0.0824641
2017-11-30,1M,Equity Common Stock,NSC.N,0.1152719
2017-11-30,1M,Equity Common Stock,ES.N,0.1702375
2017-11-30,1M,Equity Common Stock,XEL.OQ,0.2958507
2017-11-30,1M,Equity Common Stock,NTRS.OQ,0.1931597
2017-11-30,1M,Equity Common Stock,NOC.N,0.5141311
2017-11-30,1M,Equity Common Stock,WFC.N,0.0447946
2017-11-30,1M,Equity Common Stock,NUE.N,0.0606601
2017-11-30,1M,Equity Common Stock,OXY.N,-0.0142486
2017-11-30,1M,Equity Common Stock,OMC.N,-0.0159627
2017-11-30,1M,Equity Common Stock,OKE.N,0.0327536
2017-11-30,1M,Equity Common Stock,ORCL.N,0.1093361
2017-11-30,1M,Equity Common Stock,ORLY.OQ,0.1570626
2017-11-30,1M,Equity Common Stock,EXC.N,0.1043034
2017-11-30,1M,Equity Common Stock,PCG.N,0.0641264
2017-11-30,1M,Equity Common Stock,PNC.N,0.2721213
2017-11-30,1M,Equity Common Stock,PPL.N,0.0967523
2017-11-30,1M,Equity Common Stock,PPG.N,0.0588042
2017-11-30,1M,Equity Common Stock,PCAR.OQ,0.0760754
2017-11-30,1M,Equity Common Stock,PH.N,0.2237602
2017-11-30,1M,Equity Common Stock,PAYX.OQ,0.2268341
2017-11-30,1M,Equity Common Stock,PNR.N,0.0725717
2017-11-30,1M,Equity Common Stock,PBCT.OQ,0.1562538
2017-11-30,1M,Equity Common Stock,PEP.OQ,0.1394318
2017-11-30,1M,Equity Common Stock,PRGO.N,-0.1874576
2017-11-30,1M,Equity Common Stock,PFE.N,0.1121315
2017-11-30,1M,Equity Common Stock,MO.N,0.1830043
2017-11-30,1M,Equity Common Stock,COP.N,-0.0396154
2017-11-30,1M,Equity Common Stock,PVH.N,0.0596770
2017-11-30,1M,Equity Common Stock,PNW.N,0.2461279
2017-11-30,1M,Equity Common Stock,PXD.N,0.0695229
2017-11-30,1M,Equity Common Stock,PX.N,0.1285369
2017-11-30,1M,Equity Common Stock,TROW.OQ,0.1401859
2017-11-30,1M,Equity Common Stock,PG.N,0.0135515
2017-11-30,1M,Equity Common Stock,PGR.N,0.4534089
2017-11-30,1M,Equity Common Stock,PEG.N,0.1748731
2017-11-30,1M,Equity Common Stock,PSA.N,0.0935462
2017-11-30,1M,Equity Common Stock,PHM.N,0.2248708
2017-11-30,1M,Equity Common Stock,QCOM.OQ,0.0195374
2017-11-30,1M,Equity Common Stock,PWR.N,0.1182143
2017-11-30,1M,Equity Common Stock,RJF.N,0.1966284
2017-11-30,1M,Equity Common Stock,O.N,0.1080239
2017-11-30,1M,Equity Common Stock,REGN.OQ,0.0064749
2017-11-30,1M,Equity Common Stock,REG.N,0.0765982
2017-11-30,1M,Equity Common Stock,RMD.N,0.2355392
2017-11-30,1M,Equity Common Stock,RHI.N,0.0381900
2017-11-30,1M,Equity Common Stock,ROK.N,0.2954800
2017-11-30,1M,Equity Common Stock,ROL.N,0.4957291
2017-11-30,1M,Equity Common Stock,ROP.N,0.3129714
2017-11-30,1M,Equity Common Stock,ROST.OQ,0.2550164
2017-11-30,1M,Equity Common Stock,T.N,0.0404097
2017-11-30,1M,Equity Common Stock,TRV.N,0.1719969
2017-11-30,1M,Equity Common Stock,SCG.N,-0.0981456
2017-11-30,1M,Equity Common Stock,HSIC.OQ,0.0468128
2017-11-30,1M,Equity Common Stock,SLB.N,-0.1174802
2017-11-30,1M,Equity Common Stock,SCHW.N,0.2134523
2017-11-30,1M,Equity Common Stock,SEE.N,0.1231122
2017-11-30,1M,Equity Common Stock,SRE.N,0.0747665
2017-11-30,1M,Equity Common Stock,SHW.N,0.2422339
2017-11-30,1M,Equity Common Stock,SIVB.OQ,0.2755250
2017-11-30,1M,Equity Common Stock,SPG.N,-0.0310861
2017-11-30,1M,Equity Common Stock,AOS.N,0.4561638
2017-11-30,1M,Equity Common Stock,SNA.N,0.1524774
2017-11-30,1M,Equity Common Stock,SO.N,0.0712703
2017-11-30,1M,Equity Common Stock,LUV.N,0.1661446
2017-11-30,1M,Equity Common Stock,SWK.N,0.3647895
2017-11-30,1M,Equity Common Stock,USB.N,0.1658869
2017-11-30,1M,Equity Common Stock,SBUX.OQ,0.2333407
2017-11-30,1M,Equity Common Stock,STT.N,0.1197699
2017-11-30,1M,Equity Common Stock,SYK.N,0.4044030
2017-11-30,1M,Equity Common Stock,STI.N,0.2219427
2017-11-30,1M,Equity Common Stock,SYMC.OQ,0.1503039
2017-11-30,1M,Equity Common Stock,SNPS.OQ,0.4425505
2017-11-30,1M,Equity Common Stock,SYY.N,0.2534860
2017-11-30,1M,Equity Common Stock,TJX.N,0.1138226
2017-11-30,1M,Equity Common Stock,TXN.OQ,0.3378133
2017-11-30,1M,Equity Common Stock,TXT.N,0.1475183
2017-11-30,1M,Equity Common Stock,TMO.N,0.2496242
2017-11-30,1M,Equity Common Stock,TIF.N,-0.0080598
2017-11-30,1M,Equity Common Stock,TMK.N,0.3499370
2017-11-30,1M,Equity Common Stock,DVA.N,-0.0834538
2017-11-30,1M,Equity Common Stock,TSS.N,0.3760695
2017-11-30,1M,Equity Common Stock,TSCO.OQ,-0.0094484
2017-11-30,1M,Equity Common Stock,C.N,0.1667374
2017-11-30,1M,Equity Common Stock,YUM.N,0.2333754
2017-11-30,1M,Equity Common Stock,TSN.N,0.2878076
2017-11-30,1M,Equity Common Stock,MRO.N,-0.0456283
2017-11-30,1M,Equity Common Stock,WM.N,0.3861951
2017-11-30,1M,Equity Common Stock,UNP.N,0.0659536
2017-11-30,1M,Equity Common Stock,UDR.N,0.1736973
2017-11-30,1M,Equity Common Stock,UNH.N,0.5944520
2017-11-30,1M,Equity Common Stock,UTX.N,0.0806116
2017-11-30,1M,Equity Common Stock,UHS.N,0.0466715
2017-11-30,1M,Equity Common Stock,VFC.N,0.0059359
2017-11-30,1M,Equity Common Stock,VLO.N,0.2569825
2017-11-30,1M,Equity Common Stock,VTR.N,0.0385872
2017-11-30,1M,Equity Common Stock,FL.N,-0.0179926
2017-11-30,1M,Equity Common Stock,VRSN.OQ,0.2931403
2017-11-30,1M,Equity Common Stock,VRTX.OQ,0.1060860
2017-11-30,1M,Equity Common Stock,VNO.N,0.0026404
2017-11-30,1M,Equity Common Stock,VMC.N,0.3383532
2017-11-30,1M,Equity Common Stock,WMT.N,0.0822012
2017-11-30,1M,Equity Common Stock,WBA.OQ,0.0562183
2017-11-30,1M,Equity Common Stock,WAT.N,0.2870895
2017-11-30,1M,Equity Common Stock,AGN.N,-0.1109176
2017-11-30,1M,Equity Common Stock,WDC.OQ,-0.0218307
2017-11-30,1M,Equity Common Stock,EVRG.N,0.2411546
2017-11-30,1M,Equity Common Stock,WY.N,0.0299976
2017-11-30,1M,Equity Common Stock,WHR.N,0.0049383
2017-11-30,1M,Equity Common Stock,WMB.N,-0.0813178
2017-11-30,1M,Equity Common Stock,WEC.N,0.2191680
2017-11-30,1M,Equity Common Stock,XLNX.OQ,0.2151569
2017-11-30,1M,Equity Common Stock,XRX.N,-0.0468465
2017-11-30,1M,Equity Common Stock,ZION.OQ,0.2272650
2017-11-30,1M,Equity Common Stock,CB.N,0.2304302
2017-11-30,1M,Equity Common Stock,JCI.N,0.0002391
2017-11-30,1M,Equity Common Stock,RCL.N,0.2177810
2017-11-30,1M,Equity Common Stock,AMT.N,0.1842590
2017-11-30,1M,Equity Common Stock,MCO.N,0.2332535
2017-11-30,1M,Equity Common Stock,DGX.N,0.2317311
2017-11-30,1M,Equity Common Stock,SRCL.OQ,-0.2431360
2017-11-30,1M,Equity Common Stock,PLD.N,0.2609701
2017-11-30,1M,Equity Common Stock,URI.N,0.1379496
2017-11-30,1M,Equity Common Stock,CNP.N,0.1555348
2017-11-30,1M,Equity Common Stock,NWL.N,-0.0227646
2017-11-30,1M,Equity Common Stock,VAR.N,0.2065635
2017-11-30,1M,Equity Common Stock,BXP.N,0.0302518
2017-11-30,1M,Equity Common Stock,ESS.N,0.1393912
2017-11-30,1M,Equity Common Stock,ARE.N,0.2340450
2017-11-30,1M,Equity Common Stock,CHRW.OQ,0.1051859
2017-11-30,1M,Equity Common Stock,DISH.OQ,-0.1809712
2017-11-30,1M,Equity Common Stock,LLL.N,0.2424199
2017-11-30,1M,Equity Common Stock,MTD.N,0.3916911
2017-11-30,1M,Equity Common Stock,IRM.N,0.0626882
2017-11-30,1M,Equity Common Stock,SLG.N,-0.0237689
2017-11-30,1M,Equity Common Stock,NI.N,0.3298065
2017-11-30,1M,Equity Common Stock,SWKS.OQ,0.1772758
2017-11-30,1M,Equity Common Stock,BAC.N,0.2093934
2017-11-30,1M,Equity Common Stock,AMZN.OQ,0.4774913
2017-11-30,1M,Equity Common Stock,NOV.N,-0.1871186
2017-11-30,1M,Equity Common Stock,RL.N,-0.1775008
2017-11-30,1M,Equity Common Stock,LNT.N,0.2472585
2017-11-30,1M,Equity Common Stock,CTL.N,-0.2960406
2017-11-30,1M,Equity Common Stock,CTSH.OQ,0.1505818
2017-11-30,1M,Equity Common Stock,CCI.N,0.2011456
2017-11-30,1M,Equity Common Stock,EBAY.OQ,0.1747486
2017-11-30,1M,Equity Common Stock,GS.N,0.1397867
2017-11-30,1M,Equity Common Stock,NVDA.OQ,0.6225525
2017-11-30,1M,Equity Common Stock,BKNG.OQ,0.1747364
2017-11-30,1M,Equity Common Stock,RSG.N,0.4898776
2017-11-30,1M,Equity Common Stock,UNM.N,0.2455108
2017-11-30,1M,Equity Common Stock,COST.OQ,0.1958521
2017-11-30,1M,Equity Common Stock,DVN.N,-0.0119460
2017-11-30,1M,Equity Common Stock,PKI.N,0.2808569
2017-11-30,1M,Equity Common Stock,TTWO.OQ,0.5253320
2017-11-30,1M,Equity Common Stock,AKAM.OQ,0.0069831
2017-11-30,1M,Equity Common Stock,UPS.N,0.0875996
2017-11-30,1M,Equity Common Stock,JNPR.N,0.1186855
2017-11-30,1M,Equity Common Stock,RHT.N,0.3229703
2017-11-30,1M,Equity Common Stock,FLIR.OQ,0.2026511
2017-11-30,1M,Equity Common Stock,EW.N,0.2337017
2017-11-30,1M,Equity Common Stock,A.N,0.2471795
2017-11-30,1M,Equity Common Stock,BLK.N,0.1888347
2017-11-30,1M,Equity Common Stock,FFIV.OQ,0.0473452
2017-11-30,1M,Equity Common Stock,MET.N,0.0657705
2017-11-30,1M,Equity Common Stock,PKG.N,0.1990387
2017-11-30,1M,Equity Common Stock,SBAC.OQ,0.1701834
2017-11-30,1M,Equity Common Stock,F.N,-0.1033860
2017-11-30,1M,Equity Common Stock,AET.N,0.3438297
2017-11-30,1M,Equity Common Stock,FLR.N,-0.0622900
2017-11-30,1M,Equity Common Stock,GPN.N,0.4051173
2017-11-30,1M,Equity Common Stock,TPR.N,0.0796004
2017-11-30,1M,Equity Common Stock,RTN.N,0.3503140
2017-11-30,1M,Equity Common Stock,ALGN.OQ,0.5997364
2017-11-30,1M,Equity Common Stock,ANSS.OQ,0.3262644
2017-11-30,1M,Equity Common Stock,KMX.N,0.1037787
2017-11-30,1M,Equity Common Stock,ILMN.OQ,0.1009739
2017-11-30,1M,Equity Common Stock,ISRG.OQ,0.4937750
2017-11-30,1M,Equity Common Stock,FIS.N,0.2601206
2017-11-30,1M,Equity Common Stock,COL.N,0.2313073
2017-11-30,1M,Equity Common Stock,ZBH.N,0.0498469
2017-11-30,1M,Equity Common Stock,ACN.N,0.3382855
2017-11-30,1M,Equity Common Stock,ADS.N,-0.0177836
2017-11-30,1M,Equity Common Stock,ANTM.N,0.3106981
2017-11-30,1M,Equity Common Stock,IVZ.N,0.0009324
2017-11-30,1M,Equity Common Stock,EQIX.OQ,0.4539021
2017-11-30,1M,Equity Common Stock,GRMN.OQ,0.0635286
2017-11-30,1M,Equity Common Stock,MNST.OQ,0.2330756
2017-11-30,1M,Equity Common Stock,MDLZ.OQ,0.0743268
2017-11-30,1M,Equity Common Stock,PFG.OQ,0.1539397
2017-11-30,1M,Equity Common Stock,WLTW.OQ,0.2351484
2017-11-30,1M,Equity Common Stock,AAP.N,-0.0754207
2017-11-30,1M,Equity Common Stock,CNC.N,0.2689189
2017-11-30,1M,Equity Common Stock,PRU.N,0.1583217
2017-11-30,1M,Equity Common Stock,NFLX.OQ,0.3651148
2017-11-30,1M,Equity Common Stock,SJM.N,0.0888573
2017-11-30,1M,Equity Common Stock,NDAQ.OQ,0.3491173
2017-11-30,1M,Equity Common Stock,XEC.N,0.0756233
2017-11-30,1M,Equity Common Stock,WYNN.OQ,0.0378092
2017-11-30,1M,Equity Common Stock,CMCSA.OQ,0.1646853
2017-11-30,1M,Equity Common Stock,CME.OQ,0.4091509
2017-11-30,1M,Equity Common Stock,STX.OQ,-0.0450882
2017-11-30,1M,Equity Common Stock,LKQ.OQ,0.1820728
2017-11-30,1M,Equity Common Stock,NRG.N,0.0341188
2017-11-30,1M,Equity Common Stock,AIZ.N,0.2202673
2017-11-30,1M,Equity Common Stock,CBRE.N,0.1239506
2017-11-30,1M,Equity Common Stock,CRM.N,0.2506979
2017-11-30,1M,Equity Common Stock,RF.N,0.2018305
2017-11-30,1M,Equity Common Stock,WCG.N,0.3800163
2017-11-30,1M,Equity Common Stock,EXR.N,0.1901705
2017-11-30,1M,Equity Common Stock,GOOGL.OQ,0.3253494
2017-11-30,1M,Equity Common Stock,DLR.N,0.2752372
2017-11-30,1M,Equity Common Stock,FOXA.OQ,-0.0095060
2017-11-30,1M,Equity Common Stock,FOX.OQ,-0.0068569
2017-11-30,1M,Equity Common Stock,EXPE.OQ,0.1633125
2017-11-30,1M,Equity Common Stock,CF.N,-0.0297067
2017-11-30,1M,Equity Common Stock,AMP.N,0.1091808
2017-11-30,1M,Equity Common Stock,MA.N,0.3463423
2017-11-30,1M,Equity Common Stock,ICE.N,0.2663511
2017-11-30,1M,Equity Common Stock,UAA.N,-0.2376564
2017-11-30,1M,Equity Common Stock,CBS.N,0.0415271
2017-11-30,1M,Equity Common Stock,VIAB.OQ,-0.1816481
2017-11-30,1M,Equity Common Stock,CMG.N,-0.1909331
2017-11-30,1M,Equity Common Stock,UAL.OQ,0.0572398
2017-11-30,1M,Equity Common Stock,TDG.N,0.2583754
2017-11-30,1M,Equity Common Stock,IPGP.OQ,0.4021923
2017-11-30,1M,Equity Common Stock,HBI.N,-0.0994511
2017-11-30,1M,Equity Common Stock,WU.N,0.0560330
2017-11-30,1M,Equity Common Stock,BR.N,0.4711550
2017-11-30,1M,Equity Common Stock,DAL.N,0.0834803
2017-11-30,1M,Equity Common Stock,TEL.N,0.2408286
2017-11-30,1M,Equity Common Stock,DFS.N,0.0638555
2017-11-30,1M,Equity Common Stock,CXO.N,0.1681582
2017-11-30,1M,Equity Common Stock,ULTA.OQ,0.2596893
2017-11-30,1M,Equity Common Stock,MSCI.N,0.5076454
2017-11-30,1M,Equity Common Stock,PM.N,0.1122633
2017-11-30,1M,Equity Common Stock,V.N,0.3745080
2017-11-30,1M,Equity Common Stock,AWK.N,0.3508243
2017-11-30,1M,Equity Common Stock,DISCA.OQ,-0.1821909
2017-11-30,1M,Equity Common Stock,DISCK.OQ,-0.1961464
2017-11-30,1M,Equity Common Stock,AVGO.OQ,0.4199610
2017-11-30,1M,Equity Common Stock,VRSK.OQ,0.2922468
2017-11-30,1M,Equity Common Stock,MRK.N,-0.0227385
2017-11-30,1M,Equity Common Stock,DG.N,0.1444467
2017-11-30,1M,Equity Common Stock,CHTR.OQ,0.2469449
2017-11-30,1M,Equity Common Stock,LYB.N,0.1492575
2017-11-30,1M,Equity Common Stock,CBOE.Z,0.4273843
2017-11-30,1M,Equity Common Stock,KMI.N,-0.2175313
2017-11-30,1M,Equity Common Stock,HCA.N,0.1196009
2017-11-30,1M,Equity Common Stock,NLSN.N,-0.0341070
2017-11-30,1M,Equity Common Stock,GM.N,0.1397879
2017-11-30,1M,Equity Common Stock,HII.N,0.3628965
2017-11-30,1M,Equity Common Stock,MPC.N,0.1543246
2017-11-30,1M,Equity Common Stock,FBHS.N,0.2581996
2017-11-30,1M,Equity Common Stock,XYL.N,0.3561308
2017-11-30,1M,Equity Common Stock,APTV.N,0.1769668
2017-11-30,1M,Equity Common Stock,TRIP.OQ,-0.1060918
2017-11-30,1M,Equity Common Stock,KORS.N,-0.0080421
2017-11-30,1M,Equity Common Stock,FLT.N,0.1034094
2017-11-30,1M,Equity Common Stock,FB.OQ,0.4647624
2017-11-30,1M,Equity Common Stock,PSX.N,0.1792073
2017-11-30,1M,Equity Common Stock,ABBV.N,0.1725479
2017-11-30,1M,Equity Common Stock,QRVO.OQ,0.1222171
2017-11-30,1M,Equity Common Stock,EVHC.N,-0.0894792
2017-10-31,1M,Equity Common Stock,AFL.N,0.2447177
2017-10-31,1M,Equity Common Stock,AES.N,-0.0817243
2017-10-31,1M,Equity Common Stock,ABT.N,0.1291633
2017-10-31,1M,Equity Common Stock,ABMD.OQ,0.5037782
2017-10-31,1M,Equity Common Stock,ATVI.OQ,0.5048996
2017-10-31,1M,Equity Common Stock,ADBE.OQ,0.4983392
2017-10-31,1M,Equity Common Stock,AMD.OQ,0.3079873
2017-10-31,1M,Equity Common Stock,AMG.N,0.0134570
2017-10-31,1M,Equity Common Stock,APD.N,0.1745779
2017-10-31,1M,Equity Common Stock,ALK.N,0.1119138
2017-10-31,1M,Equity Common Stock,ALB.N,0.3177336
2017-10-31,1M,Equity Common Stock,ALXN.OQ,-0.0739787
2017-10-31,1M,Equity Common Stock,HON.N,0.3531557
2017-10-31,1M,Equity Common Stock,ALL.N,0.2610479
2017-10-31,1M,Equity Common Stock,ARNC.N,-0.0420134
2017-10-31,1M,Equity Common Stock,HES.N,-0.1180473
2017-10-31,1M,Equity Common Stock,AEE.N,0.2679865
2017-10-31,1M,Equity Common Stock,AEP.N,0.1710095
2017-10-31,1M,Equity Common Stock,AXP.N,0.0593520
2017-10-31,1M,Equity Common Stock,AIG.N,0.1168459
2017-10-31,1M,Equity Common Stock,ABC.N,-0.0051725
2017-10-31,1M,Equity Common Stock,AME.N,0.1717261
2017-10-31,1M,Equity Common Stock,AMGN.OQ,0.0646871
2017-10-31,1M,Equity Common Stock,APH.N,0.4025082
2017-10-31,1M,Equity Common Stock,APC.N,-0.1087589
2017-10-31,1M,Equity Common Stock,ADI.OQ,0.2780771
2017-10-31,1M,Equity Common Stock,AON.N,0.3435797
2017-10-31,1M,Equity Common Stock,APA.N,-0.0867615
2017-10-31,1M,Equity Common Stock,AIV.N,0.1397184
2017-10-31,1M,Equity Common Stock,AAPL.OQ,0.2148971
2017-10-31,1M,Equity Common Stock,AMAT.OQ,0.3490535
2017-10-31,1M,Equity Common Stock,ADM.N,-0.0279126
2017-10-31,1M,Equity Common Stock,ADSK.OQ,0.2614676
2017-10-31,1M,Equity Common Stock,ADP.OQ,0.2212291
2017-10-31,1M,Equity Common Stock,AZO.N,0.0589310
2017-10-31,1M,Equity Common Stock,AVB.N,0.1172256
2017-10-31,1M,Equity Common Stock,AVY.N,0.4825968
2017-10-31,1M,Equity Common Stock,BBT.N,0.1594004
2017-10-31,1M,Equity Common Stock,BHGE.N,-0.0338517
2017-10-31,1M,Equity Common Stock,BLL.N,0.1833379
2017-10-31,1M,Equity Common Stock,BAX.N,0.3103553
2017-10-31,1M,Equity Common Stock,BDX.N,0.3504555
2017-10-31,1M,Equity Common Stock,VZ.N,-0.0022496
2017-10-31,1M,Equity Common Stock,BRKb.N,0.2466498
2017-10-31,1M,Equity Common Stock,BBY.N,0.2200499
2017-10-31,1M,Equity Common Stock,HRB.N,-0.0457824
2017-10-31,1M,Equity Common Stock,BA.N,0.3297438
2017-10-31,1M,Equity Common Stock,BWA.N,0.0233986
2017-10-31,1M,Equity Common Stock,BSX.N,0.3842915
2017-10-31,1M,Equity Common Stock,BMY.N,0.0595824
2017-10-31,1M,Equity Common Stock,BFb.N,0.1450548
2017-10-31,1M,Equity Common Stock,CI.N,0.3346151
2017-10-31,1M,Equity Common Stock,CMS.N,0.2593502
2017-10-31,1M,Equity Common Stock,CSX.OQ,0.1561085
2017-10-31,1M,Equity Common Stock,CVS.N,-0.0935750
2017-10-31,1M,Equity Common Stock,COG.N,0.0064448
2017-10-31,1M,Equity Common Stock,CDNS.OQ,0.4743420
2017-10-31,1M,Equity Common Stock,CPB.N,0.0630402
2017-10-31,1M,Equity Common Stock,STZ.N,0.5680185
2017-10-31,1M,Equity Common Stock,COF.N,0.0779045
2017-10-31,1M,Equity Common Stock,CAH.N,-0.0901343
2017-10-31,1M,Equity Common Stock,CCL.N,0.2735227
2017-10-31,1M,Equity Common Stock,CAT.N,0.1472626
2017-10-31,1M,Equity Common Stock,CELG.OQ,0.0307392
2017-10-31,1M,Equity Common Stock,CERN.OQ,0.0598121
2017-10-31,1M,Equity Common Stock,JPM.N,0.2640355
2017-10-31,1M,Equity Common Stock,CVX.N,0.0125304
2017-10-31,1M,Equity Common Stock,CHD.N,0.1644508
2017-10-31,1M,Equity Common Stock,CINF.OQ,0.2187267
2017-10-31,1M,Equity Common Stock,CSCO.OQ,0.1824753
2017-10-31,1M,Equity Common Stock,CTAS.OQ,0.4852677
2017-10-31,1M,Equity Common Stock,CTXS.OQ,0.2498090
2017-10-31,1M,Equity Common Stock,CLX.N,0.1850974
2017-10-31,1M,Equity Common Stock,KO.N,0.0917825
2017-10-31,1M,Equity Common Stock,CL.N,0.0550062
2017-10-31,1M,Equity Common Stock,CMA.N,0.2044668
2017-10-31,1M,Equity Common Stock,CA.OQ,0.0892348
2017-10-31,1M,Equity Common Stock,DXC.N,0.3990798
2017-10-31,1M,Equity Common Stock,CAG.N,0.1818797
2017-10-31,1M,Equity Common Stock,ED.N,0.1990564
2017-10-31,1M,Equity Common Stock,COO.N,0.2152679
2017-10-31,1M,Equity Common Stock,TAP.N,0.0668968
2017-10-31,1M,Equity Common Stock,CPRT.OQ,0.4344130
2017-10-31,1M,Equity Common Stock,GLW.N,0.2332216
2017-10-31,1M,Equity Common Stock,CMI.N,0.1232705
2017-10-31,1M,Equity Common Stock,DHI.N,0.3248650
2017-10-31,1M,Equity Common Stock,DTE.N,0.2221476
2017-10-31,1M,Equity Common Stock,DHR.N,0.3042088
2017-10-31,1M,Equity Common Stock,DRI.N,0.2966123
2017-10-31,1M,Equity Common Stock,TGT.N,0.0128622
2017-10-31,1M,Equity Common Stock,DE.N,0.2450804
2017-10-31,1M,Equity Common Stock,XRAY.OQ,0.1164215
2017-10-31,1M,Equity Common Stock,DIS.N,0.0612768
2017-10-31,1M,Equity Common Stock,DLTR.OQ,0.1865128
2017-10-31,1M,Equity Common Stock,D.N,0.1106884
2017-10-31,1M,Equity Common Stock,DOV.N,0.1216543
2017-10-31,1M,Equity Common Stock,DUK.N,0.0662985
2017-10-31,1M,Equity Common Stock,DRE.N,0.2358794
2017-10-31,1M,Equity Common Stock,ETFC.OQ,0.2755332
2017-10-31,1M,Equity Common Stock,EMN.N,0.0835123
2017-10-31,1M,Equity Common Stock,ETN.N,0.1017040
2017-10-31,1M,Equity Common Stock,ECL.N,0.1307948
2017-10-31,1M,Equity Common Stock,EIX.N,0.1694034
2017-10-31,1M,Equity Common Stock,EA.OQ,0.4556333
2017-10-31,1M,Equity Common Stock,EMR.N,0.0289913
2017-10-31,1M,Equity Common Stock,EOG.N,0.0556403
2017-10-31,1M,Equity Common Stock,ETR.N,0.0385523
2017-10-31,1M,Equity Common Stock,EFX.N,0.1892362
2017-10-31,1M,Equity Common Stock,EQT.N,-0.0945935
2017-10-31,1M,Equity Common Stock,EQR.N,0.0987880
2017-10-31,1M,Equity Common Stock,RE.N,0.2643949
2017-10-31,1M,Equity Common Stock,EXPD.OQ,0.2246299
2017-10-31,1M,Equity Common Stock,ESRX.OQ,-0.0846211
2017-10-31,1M,Equity Common Stock,XOM.N,-0.0773762
2017-10-31,1M,Equity Common Stock,FMC.N,0.1928916
2017-10-31,1M,Equity Common Stock,NEE.N,0.2953647
2017-10-31,1M,Equity Common Stock,FAST.OQ,0.0580092
2017-10-31,1M,Equity Common Stock,FDX.N,0.1647747
2017-10-31,1M,Equity Common Stock,FRT.N,-0.0351798
2017-10-31,1M,Equity Common Stock,M.N,-0.2558037
2017-10-31,1M,Equity Common Stock,FITB.OQ,0.1732482
2017-10-31,1M,Equity Common Stock,FISV.OQ,0.4465602
2017-10-31,1M,Equity Common Stock,FE.N,-0.0399972
2017-10-31,1M,Equity Common Stock,FLS.N,-0.1201738
2017-10-31,1M,Equity Common Stock,BEN.N,-0.0863382
2017-10-31,1M,Equity Common Stock,FCX.N,0.0195776
2017-10-31,1M,Equity Common Stock,AJG.N,0.2004542
2017-10-31,1M,Equity Common Stock,GPS.N,-0.0370685
2017-10-31,1M,Equity Common Stock,IT.N,0.2379451
2017-10-31,1M,Equity Common Stock,GD.N,0.2538654
2017-10-31,1M,Equity Common Stock,GE.N,-0.0921685
2017-10-31,1M,Equity Common Stock,GIS.N,0.0181093
2017-10-31,1M,Equity Common Stock,GPC.N,-0.0203791
2017-10-31,1M,Equity Common Stock,GILD.OQ,-0.1326237
2017-10-31,1M,Equity Common Stock,GT.OQ,0.1192551
2017-10-31,1M,Equity Common Stock,GWW.N,-0.0665376
2017-10-31,1M,Equity Common Stock,HAL.N,-0.0370137
2017-10-31,1M,Equity Common Stock,HOG.N,-0.0964859
2017-10-31,1M,Equity Common Stock,HRS.N,0.3711298
2017-10-31,1M,Equity Common Stock,HIG.N,0.2183946
2017-10-31,1M,Equity Common Stock,HAS.OQ,0.2422703
2017-10-31,1M,Equity Common Stock,HCP.N,-0.1616689
2017-10-31,1M,Equity Common Stock,WELL.N,-0.0041649
2017-10-31,1M,Equity Common Stock,HP.N,-0.0603914
2017-10-31,1M,Equity Common Stock,HSY.N,0.0764347
2017-10-31,1M,Equity Common Stock,HPQ.N,0.1374396
2017-10-31,1M,Equity Common Stock,HFC.N,-0.0019717
2017-10-31,1M,Equity Common Stock,HOLX.OQ,0.2072810
2017-10-31,1M,Equity Common Stock,HD.N,0.3575021
2017-10-31,1M,Equity Common Stock,HRL.N,0.0986834
2017-10-31,1M,Equity Common Stock,HST.N,-0.0429273
2017-10-31,1M,Equity Common Stock,HUM.N,0.2428525
2017-10-31,1M,Equity Common Stock,JBHT.OQ,0.1644410
2017-10-31,1M,Equity Common Stock,HBAN.OQ,0.1643206
2017-10-31,1M,Equity Common Stock,BIIB.OQ,0.0597722
2017-10-31,1M,Equity Common Stock,MOS.N,-0.1415034
2017-10-31,1M,Equity Common Stock,IDXX.OQ,0.3633277
2017-10-31,1M,Equity Common Stock,ITW.N,0.3587884
2017-10-31,1M,Equity Common Stock,INCY.OQ,0.1928247
2017-10-31,1M,Equity Common Stock,IR.N,0.1939377
2017-10-31,1M,Equity Common Stock,NKTR.OQ,0.1602758
2017-10-31,1M,Equity Common Stock,INTC.OQ,0.1537678
2017-10-31,1M,Equity Common Stock,IBM.N,-0.0112859
2017-10-31,1M,Equity Common Stock,IFF.N,0.2156299
2017-10-31,1M,Equity Common Stock,IP.N,0.0835688
2017-10-31,1M,Equity Common Stock,IPG.N,0.0268216
2017-10-31,1M,Equity Common Stock,INTU.OQ,0.2836014
2017-10-31,1M,Equity Common Stock,JEC.N,0.1121268
2017-10-31,1M,Equity Common Stock,JNJ.N,0.2186974
2017-10-31,1M,Equity Common Stock,KLAC.OQ,0.2204991
2017-10-31,1M,Equity Common Stock,KSU.N,-0.0283876
2017-10-31,1M,Equity Common Stock,K.N,-0.0028103
2017-10-31,1M,Equity Common Stock,KEY.N,0.1557235
2017-10-31,1M,Equity Common Stock,KMB.N,0.0388431
2017-10-31,1M,Equity Common Stock,KIM.N,-0.1085489
2017-10-31,1M,Equity Common Stock,KSS.N,-0.0283019
2017-10-31,1M,Equity Common Stock,KR.N,-0.0741807
2017-10-31,1M,Equity Common Stock,LH.N,0.2056786
2017-10-31,1M,Equity Common Stock,LRCX.OQ,0.3972052
2017-10-31,1M,Equity Common Stock,EL.N,0.2353757
2017-10-31,1M,Equity Common Stock,LEG.N,0.1194889
2017-10-31,1M,Equity Common Stock,LEN.N,0.1455847
2017-10-31,1M,Equity Common Stock,JEF.N,0.0578344
2017-10-31,1M,Equity Common Stock,LLY.N,0.1451053
2017-10-31,1M,Equity Common Stock,LB.N,-0.1112000
2017-10-31,1M,Equity Common Stock,LNC.N,0.1402237
2017-10-31,1M,Equity Common Stock,LMT.N,0.3648805
2017-10-31,1M,Equity Common Stock,L.N,0.1207500
2017-10-31,1M,Equity Common Stock,LOW.N,0.1930661
2017-10-31,1M,Equity Common Stock,MTB.N,0.1719795
2017-10-31,1M,Equity Common Stock,MGM.N,0.1442424
2017-10-31,1M,Equity Common Stock,MAC.N,-0.0747798
2017-10-31,1M,Equity Common Stock,MMC.N,0.2823408
2017-10-31,1M,Equity Common Stock,MAR.OQ,0.2283299
2017-10-31,1M,Equity Common Stock,MLM.N,0.2392327
2017-10-31,1M,Equity Common Stock,MAS.N,0.3559238
2017-10-31,1M,Equity Common Stock,MAT.OQ,-0.1972646
2017-10-31,1M,Equity Common Stock,MKC.N,0.2568373
2017-10-31,1M,Equity Common Stock,MCD.N,0.4035746
2017-10-31,1M,Equity Common Stock,SPGI.N,0.2725838
2017-10-31,1M,Equity Common Stock,MCK.N,-0.0909399
2017-10-31,1M,Equity Common Stock,MDT.N,0.1160847
2017-10-31,1M,Equity Common Stock,BK.N,0.1674615
2017-10-31,1M,Equity Common Stock,MSFT.OQ,0.2616264
2017-10-31,1M,Equity Common Stock,MCHP.OQ,0.4146450
2017-10-31,1M,Equity Common Stock,MU.OQ,0.1284228
2017-10-31,1M,Equity Common Stock,MAA.N,0.2219916
2017-10-31,1M,Equity Common Stock,MMM.N,0.3030266
2017-10-31,1M,Equity Common Stock,MHK.N,0.3381434
2017-10-31,1M,Equity Common Stock,MS.N,0.1671085
2017-10-31,1M,Equity Common Stock,MSI.N,0.1983700
2017-10-31,1M,Equity Common Stock,MYL.OQ,-0.0680963
2017-10-31,1M,Equity Common Stock,NTAP.OQ,0.0563033
2017-10-31,1M,Equity Common Stock,NFX.N,0.0302074
2017-10-31,1M,Equity Common Stock,NEM.N,0.1981931
2017-10-31,1M,Equity Common Stock,NKE.N,0.1153957
2017-10-31,1M,Equity Common Stock,NBL.N,-0.1834952
2017-10-31,1M,Equity Common Stock,JWN.N,-0.1137754
2017-10-31,1M,Equity Common Stock,NSC.N,0.0993553
2017-10-31,1M,Equity Common Stock,ES.N,0.1652537
2017-10-31,1M,Equity Common Stock,XEL.OQ,0.2794490
2017-10-31,1M,Equity Common Stock,NTRS.OQ,0.1833058
2017-10-31,1M,Equity Common Stock,NOC.N,0.5036016
2017-10-31,1M,Equity Common Stock,WFC.N,0.0549828
2017-10-31,1M,Equity Common Stock,NUE.N,0.0598669
2017-10-31,1M,Equity Common Stock,OXY.N,-0.1112172
2017-10-31,1M,Equity Common Stock,OMC.N,-0.0095428
2017-10-31,1M,Equity Common Stock,OKE.N,0.0217766
2017-10-31,1M,Equity Common Stock,ORCL.N,0.1770525
2017-10-31,1M,Equity Common Stock,ORLY.OQ,0.1230764
2017-10-31,1M,Equity Common Stock,EXC.N,0.0770535
2017-10-31,1M,Equity Common Stock,PCG.N,0.1010936
2017-10-31,1M,Equity Common Stock,PNC.N,0.2645768
2017-10-31,1M,Equity Common Stock,PPL.N,0.1266086
2017-10-31,1M,Equity Common Stock,PPG.N,0.0885467
2017-10-31,1M,Equity Common Stock,PCAR.OQ,0.0969914
2017-10-31,1M,Equity Common Stock,PH.N,0.2182008
2017-10-31,1M,Equity Common Stock,PAYX.OQ,0.2032582
2017-10-31,1M,Equity Common Stock,PNR.N,0.0536259
2017-10-31,1M,Equity Common Stock,PBCT.OQ,0.1520398
2017-10-31,1M,Equity Common Stock,PEP.OQ,0.1286088
2017-10-31,1M,Equity Common Stock,PRGO.N,-0.2240913
2017-10-31,1M,Equity Common Stock,PFE.N,0.1152854
2017-10-31,1M,Equity Common Stock,MO.N,0.1755289
2017-10-31,1M,Equity Common Stock,COP.N,-0.0638290
2017-10-31,1M,Equity Common Stock,PVH.N,0.0753652
2017-10-31,1M,Equity Common Stock,PNW.N,0.2368218
2017-10-31,1M,Equity Common Stock,PXD.N,-0.0226559
2017-10-31,1M,Equity Common Stock,PX.N,0.1100488
2017-10-31,1M,Equity Common Stock,TROW.OQ,0.1009895
2017-10-31,1M,Equity Common Stock,PG.N,0.0088469
2017-10-31,1M,Equity Common Stock,PGR.N,0.4318634
2017-10-31,1M,Equity Common Stock,PEG.N,0.1372742
2017-10-31,1M,Equity Common Stock,PSA.N,0.0880900
2017-10-31,1M,Equity Common Stock,PHM.N,0.2243979
2017-10-31,1M,Equity Common Stock,QCOM.OQ,-0.1004758
2017-10-31,1M,Equity Common Stock,PWR.N,0.0746906
2017-10-31,1M,Equity Common Stock,RJF.N,0.1835885
2017-10-31,1M,Equity Common Stock,O.N,0.0988240
2017-10-31,1M,Equity Common Stock,REGN.OQ,0.0527445
2017-10-31,1M,Equity Common Stock,REG.N,0.0323250
2017-10-31,1M,Equity Common Stock,RMD.N,0.2373615
2017-10-31,1M,Equity Common Stock,RHI.N,0.0148890
2017-10-31,1M,Equity Common Stock,ROK.N,0.3347455
2017-10-31,1M,Equity Common Stock,ROL.N,0.4791446
2017-10-31,1M,Equity Common Stock,ROP.N,0.2922913
2017-10-31,1M,Equity Common Stock,ROST.OQ,0.2443025
2017-10-31,1M,Equity Common Stock,T.N,0.0053813
2017-10-31,1M,Equity Common Stock,TRV.N,0.1786134
2017-10-31,1M,Equity Common Stock,SCG.N,-0.0797698
2017-10-31,1M,Equity Common Stock,HSIC.OQ,0.1661892
2017-10-31,1M,Equity Common Stock,SLB.N,-0.1602688
2017-10-31,1M,Equity Common Stock,SCHW.N,0.1839765
2017-10-31,1M,Equity Common Stock,SEE.N,0.1247645
2017-10-31,1M,Equity Common Stock,SRE.N,0.0654195
2017-10-31,1M,Equity Common Stock,SHW.N,0.2639613
2017-10-31,1M,Equity Common Stock,SIVB.OQ,0.2433516
2017-10-31,1M,Equity Common Stock,SPG.N,-0.0481913
2017-10-31,1M,Equity Common Stock,AOS.N,0.4300835
2017-10-31,1M,Equity Common Stock,SNA.N,0.1273000
2017-10-31,1M,Equity Common Stock,SO.N,0.0994034
2017-10-31,1M,Equity Common Stock,LUV.N,0.1852217
2017-10-31,1M,Equity Common Stock,SWK.N,0.3429835
2017-10-31,1M,Equity Common Stock,USB.N,0.1799717
2017-10-31,1M,Equity Common Stock,SBUX.OQ,0.2421024
2017-10-31,1M,Equity Common Stock,STT.N,0.1123138
2017-10-31,1M,Equity Common Stock,SYK.N,0.4357555
2017-10-31,1M,Equity Common Stock,STI.N,0.2136535
2017-10-31,1M,Equity Common Stock,SYMC.OQ,0.2131544
2017-10-31,1M,Equity Common Stock,SNPS.OQ,0.4483390
2017-10-31,1M,Equity Common Stock,SYY.N,0.2569949
2017-10-31,1M,Equity Common Stock,TJX.N,0.0909629
2017-10-31,1M,Equity Common Stock,TXN.OQ,0.3744644
2017-10-31,1M,Equity Common Stock,TXT.N,0.1419655
2017-10-31,1M,Equity Common Stock,TMO.N,0.2968105
2017-10-31,1M,Equity Common Stock,TIF.N,0.0311373
2017-10-31,1M,Equity Common Stock,TMK.N,0.3276428
2017-10-31,1M,Equity Common Stock,DVA.N,-0.0957742
2017-10-31,1M,Equity Common Stock,TSS.N,0.3503021
2017-10-31,1M,Equity Common Stock,TSCO.OQ,-0.0421612
2017-10-31,1M,Equity Common Stock,C.N,0.1594458
2017-10-31,1M,Equity Common Stock,YUM.N,0.2185863
2017-10-31,1M,Equity Common Stock,TSN.N,0.2658153
2017-10-31,1M,Equity Common Stock,MRO.N,-0.0847575
2017-10-31,1M,Equity Common Stock,WM.N,0.3827587
2017-10-31,1M,Equity Common Stock,UNP.N,0.0263669
2017-10-31,1M,Equity Common Stock,UDR.N,0.1762537
2017-10-31,1M,Equity Common Stock,UNH.N,0.5804368
2017-10-31,1M,Equity Common Stock,UTX.N,0.0888904
2017-10-31,1M,Equity Common Stock,UHS.N,0.0274468
2017-10-31,1M,Equity Common Stock,VFC.N,0.0399268
2017-10-31,1M,Equity Common Stock,VLO.N,0.2136918
2017-10-31,1M,Equity Common Stock,VTR.N,0.0504266
2017-10-31,1M,Equity Common Stock,FL.N,-0.1526996
2017-10-31,1M,Equity Common Stock,VRSN.OQ,0.2693641
2017-10-31,1M,Equity Common Stock,VRTX.OQ,0.1218391
2017-10-31,1M,Equity Common Stock,VNO.N,-0.0061595
2017-10-31,1M,Equity Common Stock,VMC.N,0.3534317
2017-10-31,1M,Equity Common Stock,WMT.N,0.0964114
2017-10-31,1M,Equity Common Stock,WBA.OQ,0.0436741
2017-10-31,1M,Equity Common Stock,WAT.N,0.3056650
2017-10-31,1M,Equity Common Stock,AGN.N,-0.0629321
2017-10-31,1M,Equity Common Stock,WDC.OQ,0.0234013
2017-10-31,1M,Equity Common Stock,EVRG.N,0.2246760
2017-10-31,1M,Equity Common Stock,WY.N,0.0559523
2017-10-31,1M,Equity Common Stock,WHR.N,0.0230667
2017-10-31,1M,Equity Common Stock,WMB.N,-0.1023905
2017-10-31,1M,Equity Common Stock,WEC.N,0.1986429
2017-10-31,1M,Equity Common Stock,XLNX.OQ,0.2533567
2017-10-31,1M,Equity Common Stock,XRX.N,-0.0191701
2017-10-31,1M,Equity Common Stock,ZION.OQ,0.1954599
2017-10-31,1M,Equity Common Stock,CB.N,0.2547574
2017-10-31,1M,Equity Common Stock,JCI.N,0.0441741
2017-10-31,1M,Equity Common Stock,RCL.N,0.2441255
2017-10-31,1M,Equity Common Stock,AMT.N,0.2175209
2017-10-31,1M,Equity Common Stock,MCO.N,0.2118620
2017-10-31,1M,Equity Common Stock,DGX.N,0.2226017
2017-10-31,1M,Equity Common Stock,SRCL.OQ,-0.2070210
2017-10-31,1M,Equity Common Stock,PLD.N,0.2557111
2017-10-31,1M,Equity Common Stock,URI.N,0.1189475
2017-10-31,1M,Equity Common Stock,CNP.N,0.1317397
2017-10-31,1M,Equity Common Stock,NWL.N,0.1203291
2017-10-31,1M,Equity Common Stock,VAR.N,0.1982454
2017-10-31,1M,Equity Common Stock,BXP.N,0.0238234
2017-10-31,1M,Equity Common Stock,ESS.N,0.1806069
2017-10-31,1M,Equity Common Stock,ARE.N,0.2389948
2017-10-31,1M,Equity Common Stock,CHRW.OQ,0.0893969
2017-10-31,1M,Equity Common Stock,DISH.OQ,-0.0689526
2017-10-31,1M,Equity Common Stock,LLL.N,0.2282045
2017-10-31,1M,Equity Common Stock,MTD.N,0.4901333
2017-10-31,1M,Equity Common Stock,IRM.N,0.0789941
2017-10-31,1M,Equity Common Stock,SLG.N,-0.0527507
2017-10-31,1M,Equity Common Stock,NI.N,0.3014001
2017-10-31,1M,Equity Common Stock,SWKS.OQ,0.2458150
2017-10-31,1M,Equity Common Stock,BAC.N,0.1973158
2017-10-31,1M,Equity Common Stock,AMZN.OQ,0.4881971
2017-10-31,1M,Equity Common Stock,NOV.N,-0.2049711
2017-10-31,1M,Equity Common Stock,RL.N,-0.1543777
2017-10-31,1M,Equity Common Stock,LNT.N,0.2320086
2017-10-31,1M,Equity Common Stock,CTL.N,-0.2481563
2017-10-31,1M,Equity Common Stock,CTSH.OQ,0.2070944
2017-10-31,1M,Equity Common Stock,CCI.N,0.2049109
2017-10-31,1M,Equity Common Stock,EBAY.OQ,0.2202044
2017-10-31,1M,Equity Common Stock,GS.N,0.1283161
2017-10-31,1M,Equity Common Stock,NVDA.OQ,0.6553768
2017-10-31,1M,Equity Common Stock,BKNG.OQ,0.1951939
2017-10-31,1M,Equity Common Stock,RSG.N,0.5218909
2017-10-31,1M,Equity Common Stock,UNM.N,0.2109422
2017-10-31,1M,Equity Common Stock,COST.OQ,0.1682517
2017-10-31,1M,Equity Common Stock,DVN.N,-0.0237945
2017-10-31,1M,Equity Common Stock,PKI.N,0.2942610
2017-10-31,1M,Equity Common Stock,TTWO.OQ,0.5396691
2017-10-31,1M,Equity Common Stock,AKAM.OQ,0.0080571
2017-10-31,1M,Equity Common Stock,UPS.N,0.0964693
2017-10-31,1M,Equity Common Stock,JNPR.N,0.0968973
2017-10-31,1M,Equity Common Stock,RHT.N,0.3249472
2017-10-31,1M,Equity Common Stock,FLIR.OQ,0.1781341
2017-10-31,1M,Equity Common Stock,EW.N,0.2155104
2017-10-31,1M,Equity Common Stock,A.N,0.2713330
2017-10-31,1M,Equity Common Stock,BLK.N,0.1840406
2017-10-31,1M,Equity Common Stock,FFIV.OQ,0.0229884
2017-10-31,1M,Equity Common Stock,MET.N,0.0750750
2017-10-31,1M,Equity Common Stock,PKG.N,0.2025105
2017-10-31,1M,Equity Common Stock,SBAC.OQ,0.1712480
2017-10-31,1M,Equity Common Stock,F.N,-0.0460405
2017-10-31,1M,Equity Common Stock,AET.N,0.3430164
2017-10-31,1M,Equity Common Stock,FLR.N,-0.1418720
2017-10-31,1M,Equity Common Stock,GPN.N,0.4537479
2017-10-31,1M,Equity Common Stock,TPR.N,0.1028858
2017-10-31,1M,Equity Common Stock,RTN.N,0.3351227
2017-10-31,1M,Equity Common Stock,ALGN.OQ,0.5972212
2017-10-31,1M,Equity Common Stock,ANSS.OQ,0.3192026
2017-10-31,1M,Equity Common Stock,KMX.N,0.1407274
2017-10-31,1M,Equity Common Stock,ILMN.OQ,0.0704206
2017-10-31,1M,Equity Common Stock,ISRG.OQ,0.4857506
2017-10-31,1M,Equity Common Stock,FIS.N,0.2751669
2017-10-31,1M,Equity Common Stock,COL.N,0.2516557
2017-10-31,1M,Equity Common Stock,ZBH.N,0.0702802
2017-10-31,1M,Equity Common Stock,ACN.N,0.3487702
2017-10-31,1M,Equity Common Stock,ADS.N,-0.0386482
2017-10-31,1M,Equity Common Stock,ANTM.N,0.2705939
2017-10-31,1M,Equity Common Stock,IVZ.N,-0.0037137
2017-10-31,1M,Equity Common Stock,EQIX.OQ,0.4917110
2017-10-31,1M,Equity Common Stock,GRMN.OQ,0.0399456
2017-10-31,1M,Equity Common Stock,MNST.OQ,0.2413710
2017-10-31,1M,Equity Common Stock,MDLZ.OQ,0.1092029
2017-10-31,1M,Equity Common Stock,PFG.OQ,0.1312163
2017-10-31,1M,Equity Common Stock,WLTW.OQ,0.2657799
2017-10-31,1M,Equity Common Stock,AAP.N,-0.1691455
2017-10-31,1M,Equity Common Stock,CNC.N,0.2627063
2017-10-31,1M,Equity Common Stock,PRU.N,0.1226059
2017-10-31,1M,Equity Common Stock,NFLX.OQ,0.3426347
2017-10-31,1M,Equity Common Stock,SJM.N,0.0370583
2017-10-31,1M,Equity Common Stock,NDAQ.OQ,0.3296384
2017-10-31,1M,Equity Common Stock,XEC.N,0.0516622
2017-10-31,1M,Equity Common Stock,WYNN.OQ,0.0105203
2017-10-31,1M,Equity Common Stock,CMCSA.OQ,0.1593695
2017-10-31,1M,Equity Common Stock,CME.OQ,0.3743538
2017-10-31,1M,Equity Common Stock,STX.OQ,-0.0431155
2017-10-31,1M,Equity Common Stock,LKQ.OQ,0.1683155
2017-10-31,1M,Equity Common Stock,NRG.N,0.0210851
2017-10-31,1M,Equity Common Stock,AIZ.N,0.2145075
2017-10-31,1M,Equity Common Stock,CBRE.N,0.1095671
2017-10-31,1M,Equity Common Stock,CRM.N,0.2142939
2017-10-31,1M,Equity Common Stock,RF.N,0.1845343
2017-10-31,1M,Equity Common Stock,WCG.N,0.3823338
2017-10-31,1M,Equity Common Stock,EXR.N,0.1790745
2017-10-31,1M,Equity Common Stock,GOOGL.OQ,0.3055573
2017-10-31,1M,Equity Common Stock,DLR.N,0.2926178
2017-10-31,1M,Equity Common Stock,FOXA.OQ,-0.0699917
2017-10-31,1M,Equity Common Stock,FOX.OQ,-0.0705915
2017-10-31,1M,Equity Common Stock,EXPE.OQ,0.1793013
2017-10-31,1M,Equity Common Stock,CF.N,-0.0188190
2017-10-31,1M,Equity Common Stock,AMP.N,0.1096894
2017-10-31,1M,Equity Common Stock,MA.N,0.3630759
2017-10-31,1M,Equity Common Stock,ICE.N,0.2677107
2017-10-31,1M,Equity Common Stock,UAA.N,-0.2221968
2017-10-31,1M,Equity Common Stock,CBS.N,0.0470016
2017-10-31,1M,Equity Common Stock,VIAB.OQ,-0.2250936
2017-10-31,1M,Equity Common Stock,CMG.N,-0.2211669
2017-10-31,1M,Equity Common Stock,UAL.OQ,0.0770562
2017-10-31,1M,Equity Common Stock,TDG.N,0.2716852
2017-10-31,1M,Equity Common Stock,IPGP.OQ,0.3727372
2017-10-31,1M,Equity Common Stock,HBI.N,-0.0305202
2017-10-31,1M,Equity Common Stock,WU.N,0.1074099
2017-10-31,1M,Equity Common Stock,BR.N,0.4614187
2017-10-31,1M,Equity Common Stock,DAL.N,0.1150715
2017-10-31,1M,Equity Common Stock,TEL.N,0.2464717
2017-10-31,1M,Equity Common Stock,DFS.N,0.0518233
2017-10-31,1M,Equity Common Stock,CXO.N,0.1083485
2017-10-31,1M,Equity Common Stock,ULTA.OQ,0.2431976
2017-10-31,1M,Equity Common Stock,MSCI.N,0.4883592
2017-10-31,1M,Equity Common Stock,PM.N,0.1093647
2017-10-31,1M,Equity Common Stock,V.N,0.3955587
2017-10-31,1M,Equity Common Stock,AWK.N,0.3220105
2017-10-31,1M,Equity Common Stock,DISCA.OQ,-0.1897812
2017-10-31,1M,Equity Common Stock,DISCK.OQ,-0.2126685
2017-10-31,1M,Equity Common Stock,AVGO.OQ,0.4283476
2017-10-31,1M,Equity Common Stock,VRSK.OQ,0.2318710
2017-10-31,1M,Equity Common Stock,MRK.N,-0.0014658
2017-10-31,1M,Equity Common Stock,DG.N,0.1361007
2017-10-31,1M,Equity Common Stock,CHTR.OQ,0.2826801
2017-10-31,1M,Equity Common Stock,LYB.N,0.0818957
2017-10-31,1M,Equity Common Stock,CBOE.Z,0.3973569
2017-10-31,1M,Equity Common Stock,KMI.N,-0.1792154
2017-10-31,1M,Equity Common Stock,HCA.N,0.0648824
2017-10-31,1M,Equity Common Stock,NLSN.N,-0.0377261
2017-10-31,1M,Equity Common Stock,GM.N,0.1646558
2017-10-31,1M,Equity Common Stock,HII.N,0.3596993
2017-10-31,1M,Equity Common Stock,MPC.N,0.1350708
2017-10-31,1M,Equity Common Stock,FBHS.N,0.2595894
2017-10-31,1M,Equity Common Stock,XYL.N,0.3613891
2017-10-31,1M,Equity Common Stock,APTV.N,0.1784260
2017-10-31,1M,Equity Common Stock,TRIP.OQ,-0.1243277
2017-10-31,1M,Equity Common Stock,KORS.N,-0.0618874
2017-10-31,1M,Equity Common Stock,FLT.N,0.0710981
2017-10-31,1M,Equity Common Stock,FB.OQ,0.4963142
2017-10-31,1M,Equity Common Stock,PSX.N,0.1032861
2017-10-31,1M,Equity Common Stock,ABBV.N,0.1780857
2017-10-31,1M,Equity Common Stock,QRVO.OQ,0.1440642
2017-10-31,1M,Equity Common Stock,EVHC.N,-0.0333695
2017-09-30,1M,Equity Common Stock,AFL.N,0.2415942
2017-09-30,1M,Equity Common Stock,AES.N,-0.0706027
2017-09-30,1M,Equity Common Stock,ABT.N,0.1426679
2017-09-30,1M,Equity Common Stock,ABMD.OQ,0.5128714
2017-09-30,1M,Equity Common Stock,ATVI.OQ,0.4762150
2017-09-30,1M,Equity Common Stock,ADBE.OQ,0.4694233
2017-09-30,1M,Equity Common Stock,AMD.OQ,0.2985685
2017-09-30,1M,Equity Common Stock,AMG.N,0.0187682
2017-09-30,1M,Equity Common Stock,APD.N,0.1640230
2017-09-30,1M,Equity Common Stock,ALK.N,0.2196644
2017-09-30,1M,Equity Common Stock,ALB.N,0.3039840
2017-09-30,1M,Equity Common Stock,ALXN.OQ,0.0074861
2017-09-30,1M,Equity Common Stock,HON.N,0.3638001
2017-09-30,1M,Equity Common Stock,ALL.N,0.2797880
2017-09-30,1M,Equity Common Stock,ARNC.N,-0.0342617
2017-09-30,1M,Equity Common Stock,HES.N,-0.1282699
2017-09-30,1M,Equity Common Stock,AEE.N,0.2786372
2017-09-30,1M,Equity Common Stock,AEP.N,0.1943717
2017-09-30,1M,Equity Common Stock,AXP.N,0.0469637
2017-09-30,1M,Equity Common Stock,AIG.N,0.0891994
2017-09-30,1M,Equity Common Stock,ABC.N,0.0619529
2017-09-30,1M,Equity Common Stock,AME.N,0.1804668
2017-09-30,1M,Equity Common Stock,AMGN.OQ,0.1412661
2017-09-30,1M,Equity Common Stock,APH.N,0.3925839
2017-09-30,1M,Equity Common Stock,APC.N,-0.1352649
2017-09-30,1M,Equity Common Stock,ADI.OQ,0.2564840
2017-09-30,1M,Equity Common Stock,AON.N,0.3429650
2017-09-30,1M,Equity Common Stock,APA.N,-0.1034165
2017-09-30,1M,Equity Common Stock,AIV.N,0.1936281
2017-09-30,1M,Equity Common Stock,AAPL.OQ,0.2070671
2017-09-30,1M,Equity Common Stock,AMAT.OQ,0.3311113
2017-09-30,1M,Equity Common Stock,ADM.N,-0.0451708
2017-09-30,1M,Equity Common Stock,ADSK.OQ,0.2452323
2017-09-30,1M,Equity Common Stock,ADP.OQ,0.2411077
2017-09-30,1M,Equity Common Stock,AZO.N,0.1056580
2017-09-30,1M,Equity Common Stock,AVB.N,0.1623496
2017-09-30,1M,Equity Common Stock,AVY.N,0.4724585
2017-09-30,1M,Equity Common Stock,BBT.N,0.1448561
2017-09-30,1M,Equity Common Stock,BHGE.N,-0.0500237
2017-09-30,1M,Equity Common Stock,BLL.N,0.1724661
2017-09-30,1M,Equity Common Stock,BAX.N,0.2813560
2017-09-30,1M,Equity Common Stock,BDX.N,0.3628881
2017-09-30,1M,Equity Common Stock,VZ.N,0.0186995
2017-09-30,1M,Equity Common Stock,BRKb.N,0.2428289
2017-09-30,1M,Equity Common Stock,BBY.N,0.2324583
2017-09-30,1M,Equity Common Stock,HRB.N,-0.0100599
2017-09-30,1M,Equity Common Stock,BA.N,0.3142754
2017-09-30,1M,Equity Common Stock,BWA.N,0.0398959
2017-09-30,1M,Equity Common Stock,BSX.N,0.4480375
2017-09-30,1M,Equity Common Stock,BMY.N,0.1184900
2017-09-30,1M,Equity Common Stock,BFb.N,0.1327643
2017-09-30,1M,Equity Common Stock,CI.N,0.3477125
2017-09-30,1M,Equity Common Stock,CMS.N,0.2810972
2017-09-30,1M,Equity Common Stock,CSX.OQ,0.2169573
2017-09-30,1M,Equity Common Stock,CVS.N,0.0356381
2017-09-30,1M,Equity Common Stock,COG.N,-0.0202795
2017-09-30,1M,Equity Common Stock,CDNS.OQ,0.4583060
2017-09-30,1M,Equity Common Stock,CPB.N,0.0744657
2017-09-30,1M,Equity Common Stock,STZ.N,0.5573810
2017-09-30,1M,Equity Common Stock,COF.N,0.0474724
2017-09-30,1M,Equity Common Stock,CAH.N,-0.0293780
2017-09-30,1M,Equity Common Stock,CCL.N,0.2595302
2017-09-30,1M,Equity Common Stock,CAT.N,0.1245538
2017-09-30,1M,Equity Common Stock,CELG.OQ,0.1913116
2017-09-30,1M,Equity Common Stock,CERN.OQ,0.1081032
2017-09-30,1M,Equity Common Stock,JPM.N,0.2426502
2017-09-30,1M,Equity Common Stock,CVX.N,0.0213553
2017-09-30,1M,Equity Common Stock,CHD.N,0.2390821
2017-09-30,1M,Equity Common Stock,CINF.OQ,0.3206452
2017-09-30,1M,Equity Common Stock,CSCO.OQ,0.1617725
2017-09-30,1M,Equity Common Stock,CTAS.OQ,0.4877084
2017-09-30,1M,Equity Common Stock,CTXS.OQ,0.1641147
2017-09-30,1M,Equity Common Stock,CLX.N,0.2415798
2017-09-30,1M,Equity Common Stock,KO.N,0.0597680
2017-09-30,1M,Equity Common Stock,CL.N,0.0956402
2017-09-30,1M,Equity Common Stock,CMA.N,0.1796137
2017-09-30,1M,Equity Common Stock,CA.OQ,0.1329885
2017-09-30,1M,Equity Common Stock,DXC.N,0.3767207
2017-09-30,1M,Equity Common Stock,CAG.N,0.1982315
2017-09-30,1M,Equity Common Stock,ED.N,0.2177047
2017-09-30,1M,Equity Common Stock,COO.N,0.2327543
2017-09-30,1M,Equity Common Stock,TAP.N,0.0710765
2017-09-30,1M,Equity Common Stock,CPRT.OQ,0.4385766
2017-09-30,1M,Equity Common Stock,GLW.N,0.2372073
2017-09-30,1M,Equity Common Stock,CMI.N,0.1456439
2017-09-30,1M,Equity Common Stock,DHI.N,0.3256689
2017-09-30,1M,Equity Common Stock,DTE.N,0.2474175
2017-09-30,1M,Equity Common Stock,DHR.N,0.2972252
2017-09-30,1M,Equity Common Stock,DRI.N,0.2795751
2017-09-30,1M,Equity Common Stock,TGT.N,0.0069589
2017-09-30,1M,Equity Common Stock,DE.N,0.2390118
2017-09-30,1M,Equity Common Stock,XRAY.OQ,0.1540558
2017-09-30,1M,Equity Common Stock,DIS.N,0.0782344
2017-09-30,1M,Equity Common Stock,DLTR.OQ,0.1957064
2017-09-30,1M,Equity Common Stock,D.N,0.0961863
2017-09-30,1M,Equity Common Stock,DOV.N,0.0932272
2017-09-30,1M,Equity Common Stock,DUK.N,0.0904736
2017-09-30,1M,Equity Common Stock,DRE.N,0.2839159
2017-09-30,1M,Equity Common Stock,ETFC.OQ,0.2707785
2017-09-30,1M,Equity Common Stock,EMN.N,0.0812291
2017-09-30,1M,Equity Common Stock,ETN.N,0.1169663
2017-09-30,1M,Equity Common Stock,ECL.N,0.0970704
2017-09-30,1M,Equity Common Stock,EIX.N,0.2042397
2017-09-30,1M,Equity Common Stock,EA.OQ,0.4915037
2017-09-30,1M,Equity Common Stock,EMR.N,0.0278958
2017-09-30,1M,Equity Common Stock,EOG.N,0.0304646
2017-09-30,1M,Equity Common Stock,ETR.N,0.0151438
2017-09-30,1M,Equity Common Stock,EFX.N,0.1847871
2017-09-30,1M,Equity Common Stock,EQT.N,-0.0717303
2017-09-30,1M,Equity Common Stock,EQR.N,0.1503929
2017-09-30,1M,Equity Common Stock,RE.N,0.2717865
2017-09-30,1M,Equity Common Stock,EXPD.OQ,0.2730358
2017-09-30,1M,Equity Common Stock,ESRX.OQ,-0.0240542
2017-09-30,1M,Equity Common Stock,XOM.N,-0.0694297
2017-09-30,1M,Equity Common Stock,FMC.N,0.1815990
2017-09-30,1M,Equity Common Stock,NEE.N,0.2992231
2017-09-30,1M,Equity Common Stock,FAST.OQ,0.0358063
2017-09-30,1M,Equity Common Stock,FDX.N,0.1805074
2017-09-30,1M,Equity Common Stock,FRT.N,0.0506538
2017-09-30,1M,Equity Common Stock,M.N,-0.2229057
2017-09-30,1M,Equity Common Stock,FITB.OQ,0.1607711
2017-09-30,1M,Equity Common Stock,FISV.OQ,0.4832801
2017-09-30,1M,Equity Common Stock,FE.N,-0.0163058
2017-09-30,1M,Equity Common Stock,FLS.N,-0.1464287
2017-09-30,1M,Equity Common Stock,BEN.N,-0.0552815
2017-09-30,1M,Equity Common Stock,FCX.N,0.0046347
2017-09-30,1M,Equity Common Stock,AJG.N,0.2125314
2017-09-30,1M,Equity Common Stock,GPS.N,-0.0302465
2017-09-30,1M,Equity Common Stock,IT.N,0.2736465
2017-09-30,1M,Equity Common Stock,GD.N,0.3088099
2017-09-30,1M,Equity Common Stock,GE.N,-0.0086205
2017-09-30,1M,Equity Common Stock,GIS.N,0.0368355
2017-09-30,1M,Equity Common Stock,GPC.N,0.0696490
2017-09-30,1M,Equity Common Stock,GILD.OQ,-0.0802607
2017-09-30,1M,Equity Common Stock,GT.OQ,0.1722986
2017-09-30,1M,Equity Common Stock,GWW.N,-0.1240767
2017-09-30,1M,Equity Common Stock,HAL.N,-0.0587047
2017-09-30,1M,Equity Common Stock,HOG.N,-0.0363522
2017-09-30,1M,Equity Common Stock,HRS.N,0.3673432
2017-09-30,1M,Equity Common Stock,HIG.N,0.2556157
2017-09-30,1M,Equity Common Stock,HAS.OQ,0.2898585
2017-09-30,1M,Equity Common Stock,HCP.N,-0.0798167
2017-09-30,1M,Equity Common Stock,WELL.N,0.0848538
2017-09-30,1M,Equity Common Stock,HP.N,-0.0977663
2017-09-30,1M,Equity Common Stock,HSY.N,0.0929020
2017-09-30,1M,Equity Common Stock,HPQ.N,0.1148949
2017-09-30,1M,Equity Common Stock,HFC.N,0.0011905
2017-09-30,1M,Equity Common Stock,HOLX.OQ,0.2253727
2017-09-30,1M,Equity Common Stock,HD.N,0.3826100
2017-09-30,1M,Equity Common Stock,HRL.N,0.1372696
2017-09-30,1M,Equity Common Stock,HST.N,-0.0272148
2017-09-30,1M,Equity Common Stock,HUM.N,0.2480834
2017-09-30,1M,Equity Common Stock,JBHT.OQ,0.2194636
2017-09-30,1M,Equity Common Stock,HBAN.OQ,0.1760735
2017-09-30,1M,Equity Common Stock,BIIB.OQ,0.0517462
2017-09-30,1M,Equity Common Stock,MOS.N,-0.1524561
2017-09-30,1M,Equity Common Stock,IDXX.OQ,0.3856391
2017-09-30,1M,Equity Common Stock,ITW.N,0.3660674
2017-09-30,1M,Equity Common Stock,INCY.OQ,0.2612617
2017-09-30,1M,Equity Common Stock,IR.N,0.2407201
2017-09-30,1M,Equity Common Stock,NKTR.OQ,0.1799206
2017-09-30,1M,Equity Common Stock,INTC.OQ,0.0710546
2017-09-30,1M,Equity Common Stock,IBM.N,-0.1108969
2017-09-30,1M,Equity Common Stock,IFF.N,0.2167345
2017-09-30,1M,Equity Common Stock,IP.N,0.1042333
2017-09-30,1M,Equity Common Stock,IPG.N,0.0858650
2017-09-30,1M,Equity Common Stock,INTU.OQ,0.2584719
2017-09-30,1M,Equity Common Stock,JEC.N,0.1015385
2017-09-30,1M,Equity Common Stock,JNJ.N,0.1798141
2017-09-30,1M,Equity Common Stock,KLAC.OQ,0.2128223
2017-09-30,1M,Equity Common Stock,KSU.N,-0.0073473
2017-09-30,1M,Equity Common Stock,K.N,0.0264439
2017-09-30,1M,Equity Common Stock,KEY.N,0.1638221
2017-09-30,1M,Equity Common Stock,KMB.N,0.0987751
2017-09-30,1M,Equity Common Stock,KIM.N,-0.0153157
2017-09-30,1M,Equity Common Stock,KSS.N,-0.0356138
2017-09-30,1M,Equity Common Stock,KR.N,-0.0585342
2017-09-30,1M,Equity Common Stock,LH.N,0.2305876
2017-09-30,1M,Equity Common Stock,LRCX.OQ,0.3751906
2017-09-30,1M,Equity Common Stock,EL.N,0.2198988
2017-09-30,1M,Equity Common Stock,LEG.N,0.1776521
2017-09-30,1M,Equity Common Stock,LEN.N,0.1655019
2017-09-30,1M,Equity Common Stock,JEF.N,0.0559638
2017-09-30,1M,Equity Common Stock,LLY.N,0.1848756
2017-09-30,1M,Equity Common Stock,LB.N,-0.0962781
2017-09-30,1M,Equity Common Stock,LNC.N,0.1376026
2017-09-30,1M,Equity Common Stock,LMT.N,0.3991625
2017-09-30,1M,Equity Common Stock,L.N,0.1292416
2017-09-30,1M,Equity Common Stock,LOW.N,0.2282523
2017-09-30,1M,Equity Common Stock,MTB.N,0.1518203
2017-09-30,1M,Equity Common Stock,MGM.N,0.1664422
2017-09-30,1M,Equity Common Stock,MAC.N,-0.0187740
2017-09-30,1M,Equity Common Stock,MMC.N,0.3344575
2017-09-30,1M,Equity Common Stock,MAR.OQ,0.2283527
2017-09-30,1M,Equity Common Stock,MLM.N,0.1887065
2017-09-30,1M,Equity Common Stock,MAS.N,0.3012574
2017-09-30,1M,Equity Common Stock,MAT.OQ,-0.1672103
2017-09-30,1M,Equity Common Stock,MKC.N,0.3163755
2017-09-30,1M,Equity Common Stock,MCD.N,0.3578934
2017-09-30,1M,Equity Common Stock,SPGI.N,0.3007412
2017-09-30,1M,Equity Common Stock,MCK.N,-0.0412097
2017-09-30,1M,Equity Common Stock,MDT.N,0.1453541
2017-09-30,1M,Equity Common Stock,BK.N,0.1829923
2017-09-30,1M,Equity Common Stock,MSFT.OQ,0.2270794
2017-09-30,1M,Equity Common Stock,MCHP.OQ,0.3298989
2017-09-30,1M,Equity Common Stock,MU.OQ,0.0933390
2017-09-30,1M,Equity Common Stock,MAA.N,0.2833860
2017-09-30,1M,Equity Common Stock,MMM.N,0.3000162
2017-09-30,1M,Equity Common Stock,MHK.N,0.3365865
2017-09-30,1M,Equity Common Stock,MS.N,0.1576342
2017-09-30,1M,Equity Common Stock,MSI.N,0.1770094
2017-09-30,1M,Equity Common Stock,MYL.OQ,-0.0558560
2017-09-30,1M,Equity Common Stock,NTAP.OQ,0.0509490
2017-09-30,1M,Equity Common Stock,NFX.N,-0.0143657
2017-09-30,1M,Equity Common Stock,NEM.N,0.1624779
2017-09-30,1M,Equity Common Stock,NKE.N,0.1065807
2017-09-30,1M,Equity Common Stock,NBL.N,-0.2198294
2017-09-30,1M,Equity Common Stock,JWN.N,-0.0485765
2017-09-30,1M,Equity Common Stock,NSC.N,0.0984728
2017-09-30,1M,Equity Common Stock,ES.N,0.1984886
2017-09-30,1M,Equity Common Stock,XEL.OQ,0.2996916
2017-09-30,1M,Equity Common Stock,NTRS.OQ,0.1637105
2017-09-30,1M,Equity Common Stock,NOC.N,0.5139263
2017-09-30,1M,Equity Common Stock,WFC.N,0.0577549
2017-09-30,1M,Equity Common Stock,NUE.N,0.0473548
2017-09-30,1M,Equity Common Stock,OXY.N,-0.1484467
2017-09-30,1M,Equity Common Stock,OMC.N,0.0640616
2017-09-30,1M,Equity Common Stock,OKE.N,-0.0012225
2017-09-30,1M,Equity Common Stock,ORCL.N,0.1600081
2017-09-30,1M,Equity Common Stock,ORLY.OQ,0.2002956
2017-09-30,1M,Equity Common Stock,EXC.N,0.0800394
2017-09-30,1M,Equity Common Stock,PCG.N,0.2704028
2017-09-30,1M,Equity Common Stock,PNC.N,0.2616992
2017-09-30,1M,Equity Common Stock,PPL.N,0.1768435
2017-09-30,1M,Equity Common Stock,PPG.N,0.0740913
2017-09-30,1M,Equity Common Stock,PCAR.OQ,0.1574008
2017-09-30,1M,Equity Common Stock,PH.N,0.2436792
2017-09-30,1M,Equity Common Stock,PAYX.OQ,0.2024125
2017-09-30,1M,Equity Common Stock,PNR.N,0.0483889
2017-09-30,1M,Equity Common Stock,PBCT.OQ,0.1429096
2017-09-30,1M,Equity Common Stock,PEP.OQ,0.1635282
2017-09-30,1M,Equity Common Stock,PRGO.N,-0.1754084
2017-09-30,1M,Equity Common Stock,PFE.N,0.1337411
2017-09-30,1M,Equity Common Stock,MO.N,0.1945547
2017-09-30,1M,Equity Common Stock,COP.N,-0.0882582
2017-09-30,1M,Equity Common Stock,PVH.N,0.0545844
2017-09-30,1M,Equity Common Stock,PNW.N,0.2686258
2017-09-30,1M,Equity Common Stock,PXD.N,-0.0389003
2017-09-30,1M,Equity Common Stock,PX.N,0.0699834
2017-09-30,1M,Equity Common Stock,TROW.OQ,0.1114548
2017-09-30,1M,Equity Common Stock,PG.N,0.0833087
2017-09-30,1M,Equity Common Stock,PGR.N,0.4566967
2017-09-30,1M,Equity Common Stock,PEG.N,0.1584154
2017-09-30,1M,Equity Common Stock,PSA.N,0.1573228
2017-09-30,1M,Equity Common Stock,PHM.N,0.2184926
2017-09-30,1M,Equity Common Stock,QCOM.OQ,-0.0780898
2017-09-30,1M,Equity Common Stock,PWR.N,0.0485464
2017-09-30,1M,Equity Common Stock,RJF.N,0.1977507
2017-09-30,1M,Equity Common Stock,O.N,0.1778962
2017-09-30,1M,Equity Common Stock,REGN.OQ,0.1094817
2017-09-30,1M,Equity Common Stock,REG.N,0.0980092
2017-09-30,1M,Equity Common Stock,RMD.N,0.2260727
2017-09-30,1M,Equity Common Stock,RHI.N,0.0466161
2017-09-30,1M,Equity Common Stock,ROK.N,0.2991042
2017-09-30,1M,Equity Common Stock,ROL.N,0.5673361
2017-09-30,1M,Equity Common Stock,ROP.N,0.3000202
2017-09-30,1M,Equity Common Stock,ROST.OQ,0.2825296
2017-09-30,1M,Equity Common Stock,T.N,0.0881688
2017-09-30,1M,Equity Common Stock,TRV.N,0.1752148
2017-09-30,1M,Equity Common Stock,SCG.N,0.0200357
2017-09-30,1M,Equity Common Stock,HSIC.OQ,0.2058674
2017-09-30,1M,Equity Common Stock,SLB.N,-0.1394249
2017-09-30,1M,Equity Common Stock,SCHW.N,0.1681822
2017-09-30,1M,Equity Common Stock,SEE.N,0.1265609
2017-09-30,1M,Equity Common Stock,SRE.N,0.0747277
2017-09-30,1M,Equity Common Stock,SHW.N,0.2458931
2017-09-30,1M,Equity Common Stock,SIVB.OQ,0.1999784
2017-09-30,1M,Equity Common Stock,SPG.N,0.0161915
2017-09-30,1M,Equity Common Stock,AOS.N,0.4754383
2017-09-30,1M,Equity Common Stock,SNA.N,0.1423974
2017-09-30,1M,Equity Common Stock,SO.N,0.0992972
2017-09-30,1M,Equity Common Stock,LUV.N,0.2053957
2017-09-30,1M,Equity Common Stock,SWK.N,0.3370193
2017-09-30,1M,Equity Common Stock,USB.N,0.1822629
2017-09-30,1M,Equity Common Stock,SBUX.OQ,0.2305651
2017-09-30,1M,Equity Common Stock,STT.N,0.1375003
2017-09-30,1M,Equity Common Stock,SYK.N,0.4349490
2017-09-30,1M,Equity Common Stock,STI.N,0.2226702
2017-09-30,1M,Equity Common Stock,SYMC.OQ,0.2362699
2017-09-30,1M,Equity Common Stock,SNPS.OQ,0.4314535
2017-09-30,1M,Equity Common Stock,SYY.N,0.2478345
2017-09-30,1M,Equity Common Stock,TJX.N,0.1815448
2017-09-30,1M,Equity Common Stock,TXN.OQ,0.3605578
2017-09-30,1M,Equity Common Stock,TXT.N,0.2082671
2017-09-30,1M,Equity Common Stock,TMO.N,0.2621212
2017-09-30,1M,Equity Common Stock,TIF.N,0.0235901
2017-09-30,1M,Equity Common Stock,TMK.N,0.3052088
2017-09-30,1M,Equity Common Stock,DVA.N,-0.0722367
2017-09-30,1M,Equity Common Stock,TSS.N,0.3481205
2017-09-30,1M,Equity Common Stock,TSCO.OQ,0.0475426
2017-09-30,1M,Equity Common Stock,C.N,0.1680189
2017-09-30,1M,Equity Common Stock,YUM.N,0.2112705
2017-09-30,1M,Equity Common Stock,TSN.N,0.2620962
2017-09-30,1M,Equity Common Stock,MRO.N,-0.1036809
2017-09-30,1M,Equity Common Stock,WM.N,0.3714424
2017-09-30,1M,Equity Common Stock,UNP.N,0.0602650
2017-09-30,1M,Equity Common Stock,UDR.N,0.2167950
2017-09-30,1M,Equity Common Stock,UNH.N,0.5814499
2017-09-30,1M,Equity Common Stock,UTX.N,0.0784953
2017-09-30,1M,Equity Common Stock,UHS.N,0.0569131
2017-09-30,1M,Equity Common Stock,VFC.N,0.0016010
2017-09-30,1M,Equity Common Stock,VLO.N,0.2332531
2017-09-30,1M,Equity Common Stock,VTR.N,0.1170778
2017-09-30,1M,Equity Common Stock,FL.N,-0.1074002
2017-09-30,1M,Equity Common Stock,VRSN.OQ,0.2951739
2017-09-30,1M,Equity Common Stock,VRTX.OQ,0.1331769
2017-09-30,1M,Equity Common Stock,VNO.N,0.0521503
2017-09-30,1M,Equity Common Stock,VMC.N,0.3565544
2017-09-30,1M,Equity Common Stock,WMT.N,0.0360161
2017-09-30,1M,Equity Common Stock,WBA.OQ,0.1570393
2017-09-30,1M,Equity Common Stock,WAT.N,0.3121205
2017-09-30,1M,Equity Common Stock,AGN.N,-0.0165123
2017-09-30,1M,Equity Common Stock,WDC.OQ,0.0172819
2017-09-30,1M,Equity Common Stock,EVRG.N,0.2349538
2017-09-30,1M,Equity Common Stock,WY.N,0.0591779
2017-09-30,1M,Equity Common Stock,WHR.N,0.1178385
2017-09-30,1M,Equity Common Stock,WMB.N,-0.0895109
2017-09-30,1M,Equity Common Stock,WEC.N,0.2234883
2017-09-30,1M,Equity Common Stock,XLNX.OQ,0.2571760
2017-09-30,1M,Equity Common Stock,XRX.N,0.0163234
2017-09-30,1M,Equity Common Stock,ZION.OQ,0.1996517
2017-09-30,1M,Equity Common Stock,CB.N,0.2463737
2017-09-30,1M,Equity Common Stock,JCI.N,0.0128656
2017-09-30,1M,Equity Common Stock,RCL.N,0.2329627
2017-09-30,1M,Equity Common Stock,AMT.N,0.2133602
2017-09-30,1M,Equity Common Stock,MCO.N,0.2242570
2017-09-30,1M,Equity Common Stock,DGX.N,0.2435626
2017-09-30,1M,Equity Common Stock,SRCL.OQ,-0.1635664
2017-09-30,1M,Equity Common Stock,PLD.N,0.2896049
2017-09-30,1M,Equity Common Stock,URI.N,0.1128403
2017-09-30,1M,Equity Common Stock,CNP.N,0.1263084
2017-09-30,1M,Equity Common Stock,NWL.N,0.1266310
2017-09-30,1M,Equity Common Stock,VAR.N,0.2020665
2017-09-30,1M,Equity Common Stock,BXP.N,0.0802720
2017-09-30,1M,Equity Common Stock,ESS.N,0.2189387
2017-09-30,1M,Equity Common Stock,ARE.N,0.2674434
2017-09-30,1M,Equity Common Stock,CHRW.OQ,0.0947674
2017-09-30,1M,Equity Common Stock,DISH.OQ,-0.0352938
2017-09-30,1M,Equity Common Stock,LLL.N,0.2414443
2017-09-30,1M,Equity Common Stock,MTD.N,0.4587498
2017-09-30,1M,Equity Common Stock,IRM.N,0.1087210
2017-09-30,1M,Equity Common Stock,SLG.N,0.0325537
2017-09-30,1M,Equity Common Stock,NI.N,0.2993741
2017-09-30,1M,Equity Common Stock,SWKS.OQ,0.2149036
2017-09-30,1M,Equity Common Stock,BAC.N,0.1738964
2017-09-30,1M,Equity Common Stock,AMZN.OQ,0.4230151
2017-09-30,1M,Equity Common Stock,NOV.N,-0.2056980
2017-09-30,1M,Equity Common Stock,RL.N,-0.1585141
2017-09-30,1M,Equity Common Stock,LNT.N,0.2610432
2017-09-30,1M,Equity Common Stock,CTL.N,-0.2442653
2017-09-30,1M,Equity Common Stock,CTSH.OQ,0.2227725
2017-09-30,1M,Equity Common Stock,CCI.N,0.1492087
2017-09-30,1M,Equity Common Stock,EBAY.OQ,0.1998780
2017-09-30,1M,Equity Common Stock,GS.N,0.1330180
2017-09-30,1M,Equity Common Stock,NVDA.OQ,0.6362259
2017-09-30,1M,Equity Common Stock,BKNG.OQ,0.1941847
2017-09-30,1M,Equity Common Stock,RSG.N,0.5205406
2017-09-30,1M,Equity Common Stock,UNM.N,0.1922738
2017-09-30,1M,Equity Common Stock,COST.OQ,0.2116803
2017-09-30,1M,Equity Common Stock,DVN.N,-0.0475099
2017-09-30,1M,Equity Common Stock,PKI.N,0.2677763
2017-09-30,1M,Equity Common Stock,TTWO.OQ,0.5510015
2017-09-30,1M,Equity Common Stock,AKAM.OQ,-0.0096786
2017-09-30,1M,Equity Common Stock,UPS.N,0.1519118
2017-09-30,1M,Equity Common Stock,JNPR.N,0.1223900
2017-09-30,1M,Equity Common Stock,RHT.N,0.3122866
2017-09-30,1M,Equity Common Stock,FLIR.OQ,0.1371245
2017-09-30,1M,Equity Common Stock,EW.N,0.2867437
2017-09-30,1M,Equity Common Stock,A.N,0.2317290
2017-09-30,1M,Equity Common Stock,BLK.N,0.1779684
2017-09-30,1M,Equity Common Stock,FFIV.OQ,0.0366042
2017-09-30,1M,Equity Common Stock,MET.N,0.0665536
2017-09-30,1M,Equity Common Stock,PKG.N,0.2355495
2017-09-30,1M,Equity Common Stock,SBAC.OQ,0.1421236
2017-09-30,1M,Equity Common Stock,F.N,-0.0829431
2017-09-30,1M,Equity Common Stock,AET.N,0.3238552
2017-09-30,1M,Equity Common Stock,FLR.N,-0.1547324
2017-09-30,1M,Equity Common Stock,GPN.N,0.4616486
2017-09-30,1M,Equity Common Stock,TPR.N,0.0821465
2017-09-30,1M,Equity Common Stock,RTN.N,0.3725622
2017-09-30,1M,Equity Common Stock,ALGN.OQ,0.5911997
2017-09-30,1M,Equity Common Stock,ANSS.OQ,0.2933997
2017-09-30,1M,Equity Common Stock,KMX.N,0.1992757
2017-09-30,1M,Equity Common Stock,ILMN.OQ,0.1029574
2017-09-30,1M,Equity Common Stock,ISRG.OQ,0.4849118
2017-09-30,1M,Equity Common Stock,FIS.N,0.2986679
2017-09-30,1M,Equity Common Stock,COL.N,0.2648978
2017-09-30,1M,Equity Common Stock,ZBH.N,0.0965350
2017-09-30,1M,Equity Common Stock,ACN.N,0.3184743
2017-09-30,1M,Equity Common Stock,ADS.N,0.0059680
2017-09-30,1M,Equity Common Stock,ANTM.N,0.2562521
2017-09-30,1M,Equity Common Stock,IVZ.N,-0.0024334
2017-09-30,1M,Equity Common Stock,EQIX.OQ,0.4803934
2017-09-30,1M,Equity Common Stock,GRMN.OQ,0.0468063
2017-09-30,1M,Equity Common Stock,MNST.OQ,0.2570739
2017-09-30,1M,Equity Common Stock,MDLZ.OQ,0.1141295
2017-09-30,1M,Equity Common Stock,PFG.OQ,0.1203162
2017-09-30,1M,Equity Common Stock,WLTW.OQ,0.2267903
2017-09-30,1M,Equity Common Stock,AAP.N,-0.0621746
2017-09-30,1M,Equity Common Stock,CNC.N,0.3068175
2017-09-30,1M,Equity Common Stock,PRU.N,0.1101744
2017-09-30,1M,Equity Common Stock,NFLX.OQ,0.2879281
2017-09-30,1M,Equity Common Stock,SJM.N,0.0558783
2017-09-30,1M,Equity Common Stock,NDAQ.OQ,0.3951073
2017-09-30,1M,Equity Common Stock,XEC.N,0.0085703
2017-09-30,1M,Equity Common Stock,WYNN.OQ,0.0159848
2017-09-30,1M,Equity Common Stock,CMCSA.OQ,0.2110527
2017-09-30,1M,Equity Common Stock,CME.OQ,0.3946139
2017-09-30,1M,Equity Common Stock,STX.OQ,-0.0469460
2017-09-30,1M,Equity Common Stock,LKQ.OQ,0.1798163
2017-09-30,1M,Equity Common Stock,NRG.N,0.0224862
2017-09-30,1M,Equity Common Stock,AIZ.N,0.2173646
2017-09-30,1M,Equity Common Stock,CBRE.N,0.1212847
2017-09-30,1M,Equity Common Stock,CRM.N,0.2189646
2017-09-30,1M,Equity Common Stock,RF.N,0.1755354
2017-09-30,1M,Equity Common Stock,WCG.N,0.3778420
2017-09-30,1M,Equity Common Stock,EXR.N,0.2159841
2017-09-30,1M,Equity Common Stock,GOOGL.OQ,0.2606058
2017-09-30,1M,Equity Common Stock,DLR.N,0.3331579
2017-09-30,1M,Equity Common Stock,FOXA.OQ,-0.0644828
2017-09-30,1M,Equity Common Stock,FOX.OQ,-0.0670315
2017-09-30,1M,Equity Common Stock,EXPE.OQ,0.2294725
2017-09-30,1M,Equity Common Stock,CF.N,-0.0551094
2017-09-30,1M,Equity Common Stock,AMP.N,0.0998842
2017-09-30,1M,Equity Common Stock,MA.N,0.3816878
2017-09-30,1M,Equity Common Stock,ICE.N,0.3231424
2017-09-30,1M,Equity Common Stock,UAA.N,-0.1823878
2017-09-30,1M,Equity Common Stock,CBS.N,0.0662539
2017-09-30,1M,Equity Common Stock,VIAB.OQ,-0.2071618
2017-09-30,1M,Equity Common Stock,CMG.N,-0.2013541
2017-09-30,1M,Equity Common Stock,UAL.OQ,0.1216752
2017-09-30,1M,Equity Common Stock,TDG.N,0.2457181
2017-09-30,1M,Equity Common Stock,IPGP.OQ,0.3551752
2017-09-30,1M,Equity Common Stock,HBI.N,-0.0025552
2017-09-30,1M,Equity Common Stock,WU.N,0.1182023
2017-09-30,1M,Equity Common Stock,BR.N,0.4585490
2017-09-30,1M,Equity Common Stock,DAL.N,0.1382507
2017-09-30,1M,Equity Common Stock,TEL.N,0.2496507
2017-09-30,1M,Equity Common Stock,DFS.N,0.0364856
2017-09-30,1M,Equity Common Stock,CXO.N,0.0584916
2017-09-30,1M,Equity Common Stock,ULTA.OQ,0.3113422
2017-09-30,1M,Equity Common Stock,MSCI.N,0.4811628
2017-09-30,1M,Equity Common Stock,PM.N,0.1743397
2017-09-30,1M,Equity Common Stock,V.N,0.4151782
2017-09-30,1M,Equity Common Stock,AWK.N,0.3275604
2017-09-30,1M,Equity Common Stock,DISCA.OQ,-0.1752558
2017-09-30,1M,Equity Common Stock,DISCK.OQ,-0.1950565
2017-09-30,1M,Equity Common Stock,AVGO.OQ,0.3960885
2017-09-30,1M,Equity Common Stock,VRSK.OQ,0.2328853
2017-09-30,1M,Equity Common Stock,MRK.N,0.0689126
2017-09-30,1M,Equity Common Stock,DG.N,0.1471706
2017-09-30,1M,Equity Common Stock,CHTR.OQ,0.3403226
2017-09-30,1M,Equity Common Stock,LYB.N,0.0037195
2017-09-30,1M,Equity Common Stock,CBOE.Z,0.4124586
2017-09-30,1M,Equity Common Stock,KMI.N,-0.1595438
2017-09-30,1M,Equity Common Stock,HCA.N,0.0863726
2017-09-30,1M,Equity Common Stock,NLSN.N,-0.0068495
2017-09-30,1M,Equity Common Stock,GM.N,0.1313066
2017-09-30,1M,Equity Common Stock,HII.N,0.3543811
2017-09-30,1M,Equity Common Stock,MPC.N,0.1375881
2017-09-30,1M,Equity Common Stock,FBHS.N,0.2971354
2017-09-30,1M,Equity Common Stock,XYL.N,0.3443215
2017-09-30,1M,Equity Common Stock,APTV.N,0.2155591
2017-09-30,1M,Equity Common Stock,TRIP.OQ,-0.1149693
2017-09-30,1M,Equity Common Stock,KORS.N,-0.0418634
2017-09-30,1M,Equity Common Stock,FLT.N,0.0680736
2017-09-30,1M,Equity Common Stock,FB.OQ,0.4296290
2017-09-30,1M,Equity Common Stock,PSX.N,0.0874975
2017-09-30,1M,Equity Common Stock,ABBV.N,0.2075232
2017-09-30,1M,Equity Common Stock,QRVO.OQ,0.1541532
2017-09-30,1M,Equity Common Stock,EVHC.N,0.0084577
